comboID,dif_Felix1,dif_Felix2,dif_Felix3,mean,median,range
0,18.36,25.25,31.7,25.103333333333335,25.17666666666667,13.34
1,25.619999999999997,5.45,12.8,14.623333333333333,13.711666666666666,20.169999999999998
2,4.6,10.7,36.8,17.366666666666664,14.033333333333331,32.199999999999996
3,15.86,20.35,20.9,19.036666666666665,19.693333333333335,5.039999999999999
4,16.740000000000002,4.25,1.1,7.363333333333334,5.806666666666667,15.640000000000002
5,23.6,12.399999999999999,25.7,20.566666666666666,22.083333333333336,13.3
6,21.06,18.7,9.8,16.52,17.61,11.259999999999998
7,14.0,1.4500000000000002,6.6,7.349999999999999,6.975,12.55
8,14.780000000000001,15.850000000000001,2.9,11.176666666666668,12.978333333333335,12.950000000000001
9,15.479999999999999,17.45,4.1,12.343333333333334,13.911666666666665,13.35
10,5.6000000000000005,17.1,31.6,18.1,17.6,26.0
11,15.9,9.85,10.9,12.216666666666667,11.558333333333334,6.050000000000001
12,2.733333333333333,24.15,3.7,10.194444444444445,6.947222222222223,21.416666666666664
13,18.599999999999998,9.6,0.7,9.633333333333331,9.616666666666665,17.9
14,28.7,3.1500000000000004,19.7,17.183333333333334,18.441666666666666,25.549999999999997
15,20.866666666666667,28.2,27.6,25.555555555555554,26.577777777777776,7.333333333333332
16,9.799999999999999,5.3500000000000005,3.2,6.116666666666666,5.733333333333333,6.599999999999999
17,14.9,18.45,10.6,14.65,14.775,7.85
18,7.2,16.9,18.2,14.1,15.5,11.0
19,12.633333333333333,13.1,9.3,11.677777777777777,12.155555555555555,3.799999999999999
20,18.900000000000002,23.85,8.6,17.116666666666667,18.008333333333333,15.250000000000002
21,20.133333333333336,1.7999999999999998,35.4,19.11111111111111,19.622222222222224,33.6
22,12.0,19.05,12.4,14.483333333333334,13.441666666666666,7.050000000000001
23,25.55,13.6,26.9,22.016666666666666,23.78333333333333,13.299999999999999
24,15.25,29.2,1.6,15.350000000000001,15.3,27.599999999999998
25,4.6,31.9,11.5,16.0,13.75,27.299999999999997
26,30.1,12.7,2.9,15.233333333333333,13.966666666666665,27.200000000000003
27,11.0,9.8,17.9,12.9,11.95,8.099999999999998
28,19.4,30.6,13.1,21.033333333333335,20.21666666666667,17.5
29,16.8,24.5,5.7,15.666666666666666,16.233333333333334,18.8
30,6.8,20.3,3.7,10.266666666666667,8.533333333333333,16.6
31,21.9,9.2,3.4,11.5,10.35,18.5
32,5.3,22.8,9.7,12.6,11.149999999999999,17.5
33,15.9,5.6,6.0,9.166666666666666,7.583333333333333,10.3
34,12.0,25.2,15.8,17.666666666666668,16.733333333333334,13.2
35,19.3,24.9,2.2,15.466666666666669,17.383333333333333,22.7
36,7.6,17.0,19.8,14.800000000000002,15.900000000000002,12.200000000000001
37,25.9,12.0,16.1,18.0,17.05,13.899999999999999
38,19.0,31.8,8.9,19.9,19.45,22.9
39,1.1,19.0,22.4,14.166666666666666,16.583333333333332,21.299999999999997
40,14.1,12.3,2.6,9.666666666666666,10.983333333333334,11.5
41,10.8,10.2,31.8,17.599999999999998,14.2,21.6
42,2.4,30.5,24.9,19.266666666666666,22.083333333333332,28.1
43,8.8,4.7,9.3,7.6000000000000005,8.200000000000001,4.6000000000000005
44,5.2,5.6,4.9,5.233333333333333,5.216666666666667,0.6999999999999993
45,19.6,2.0,2.9,8.166666666666666,5.533333333333333,17.6
46,3.4,3.0,2.2,2.866666666666667,2.9333333333333336,1.1999999999999997
47,4.4,13.5,5.9,7.933333333333333,6.916666666666666,9.1
48,16.2,1.4,7.6,8.399999999999999,7.999999999999999,14.799999999999999
49,8.4,11.3,23.5,14.4,12.850000000000001,15.1
50,26.2,12.8,15.1,18.033333333333335,16.566666666666666,13.399999999999999
51,2.6,6.8,6.7,5.366666666666667,6.033333333333333,4.199999999999999
52,3.7,18.4,3.7,8.6,6.15,14.7
53,7.3,8.1,4.6,6.666666666666667,6.983333333333333,3.5
54,9.1,16.4,10.3,11.933333333333332,11.116666666666667,7.299999999999999
55,16.1,9.8,12.8,12.9,12.850000000000001,6.300000000000001
56,12.7,12.7,4.4,9.933333333333332,11.316666666666666,8.299999999999999
57,9.2,23.7,2.6,11.833333333333334,10.516666666666666,21.099999999999998
58,12.7,23.7,3.0,13.133333333333333,12.916666666666666,20.7
59,24.8,1.6,8.1,11.5,9.8,23.2
60,1.7,13.2,3.0,5.966666666666666,4.4833333333333325,11.5
61,24.4,9.9,21.9,18.73333333333333,20.316666666666663,14.499999999999998
62,14.1,2.5,25.5,14.033333333333333,14.066666666666666,23.0
63,31.4,15.9,6.1,17.8,16.85,25.299999999999997
64,6.5,17.2,18.5,14.066666666666668,15.633333333333333,12.0
65,6.7,15.1,26.2,16.0,15.55,19.5
66,18.3,3.9,9.3,10.5,9.9,14.4
67,2.6,12.3,18.0,10.966666666666667,11.633333333333333,15.4
68,4.6,20.5,7.0,10.700000000000001,8.850000000000001,15.9
69,16.5,7.4,7.5,10.466666666666667,8.983333333333334,9.1
70,9.2,8.9,8.3,8.8,8.850000000000001,0.8999999999999986
71,29.1,2.1,2.4,11.200000000000001,6.800000000000001,27.0
72,22.1,14.7,21.2,19.333333333333332,20.266666666666666,7.400000000000002
73,20.1,16.6,4.7,13.800000000000002,15.200000000000003,15.400000000000002
74,5.4,8.5,10.8,8.233333333333334,8.366666666666667,5.4
75,18.2,6.6,9.6,11.466666666666667,10.533333333333333,11.6
76,6.6,8.0,13.6,9.4,8.7,7.0
77,4.1,13.7,1.2,6.333333333333332,5.216666666666666,12.5
78,19.7,17.5,6.7,14.633333333333335,16.066666666666666,13.0
79,26.8,13.8,27.7,22.766666666666666,24.78333333333333,13.899999999999999
80,8.7,14.1,6.8,9.866666666666665,9.283333333333331,7.3
81,7.8,10.0,9.8,9.200000000000001,9.5,2.2
82,12.2,6.8,8.6,9.200000000000001,8.9,5.3999999999999995
83,10.3,14.5,15.0,13.266666666666666,13.883333333333333,4.699999999999999
84,17.8,4.1,23.7,15.199999999999998,16.5,19.6
85,7.8,19.9,3.7,10.466666666666667,9.133333333333333,16.2
86,1.5,26.0,6.0,11.166666666666666,8.583333333333332,24.5
87,4.1,10.7,11.4,8.733333333333333,9.716666666666665,7.300000000000001
88,4.7,2.9,14.0,7.2,5.95,11.1
89,27.4,25.5,4.2,19.033333333333335,22.266666666666666,23.2
90,18.9,3.4,21.0,14.433333333333332,16.666666666666664,17.6
91,3.3,3.0,18.9,8.4,5.85,15.899999999999999
92,20.6,25.6,11.2,19.133333333333336,19.866666666666667,14.400000000000002
93,12.0,10.6,9.6,10.733333333333334,10.666666666666668,2.4000000000000004
94,2.0,3.0,9.7,4.8999999999999995,3.9499999999999997,7.699999999999999
95,6.4,14.5,19.7,13.533333333333331,14.016666666666666,13.299999999999999
96,15.4,6.3,15.8,12.5,13.95,9.5
97,9.9,14.8,6.3,10.333333333333334,10.116666666666667,8.5
98,6.6,8.0,11.5,8.700000000000001,8.350000000000001,4.9
99,1.8,2.3,14.7,6.266666666666666,4.283333333333333,12.899999999999999
100,27.7,6.7,4.4,12.933333333333332,9.816666666666666,23.299999999999997
101,17.2,16.4,26.5,20.03333333333333,18.616666666666667,10.100000000000001
102,7.4,7.7,5.2,6.766666666666667,7.083333333333334,2.5
103,20.2,9.2,11.7,13.699999999999998,12.7,11.0
104,12.3,16.7,7.5,12.166666666666666,12.233333333333334,9.2
105,2.7,4.5,2.9,3.3666666666666667,3.1333333333333333,1.7999999999999998
106,17.5,5.3,3.3,8.700000000000001,7.0,14.2
107,3.7,6.5,7.8,6.0,6.25,4.1
108,6.6,7.9,12.1,8.866666666666667,8.383333333333333,5.5
109,25.4,8.8,10.7,14.966666666666669,12.833333333333334,16.599999999999998
110,6.4,12.6,10.0,9.666666666666666,9.833333333333332,6.199999999999999
111,11.2,8.3,9.8,9.766666666666667,9.783333333333335,2.8999999999999986
112,2.7,10.8,27.0,13.5,12.15,24.3
113,10.2,9.1,2.0,7.099999999999999,8.1,8.2
114,5.3,5.2,18.1,9.533333333333333,7.416666666666666,12.900000000000002
115,10.2,8.8,6.7,8.566666666666666,8.683333333333334,3.499999999999999
116,7.7,11.6,13.9,11.066666666666668,11.333333333333334,6.2
117,11.4,11.8,9.1,10.766666666666667,11.083333333333334,2.700000000000001
118,8.1,11.7,14.9,11.566666666666665,11.633333333333333,6.800000000000001
119,11.4,7.7,7.6,8.9,8.3,3.8000000000000007
120,10.8,10.6,6.4,9.266666666666666,9.933333333333334,4.4
121,3.7,19.7,22.7,15.366666666666665,17.53333333333333,19.0
122,23.1,6.2,10.8,13.366666666666667,12.083333333333334,16.900000000000002
123,20.1,0.8,19.2,13.366666666666667,16.28333333333333,19.3
124,3.3,11.5,8.0,7.6000000000000005,7.800000000000001,8.2
125,10.7,29.0,28.9,22.866666666666664,25.883333333333333,18.3
126,2.7,1.6,10.2,4.833333333333333,3.7666666666666666,8.6
127,2.9,23.3,19.5,15.233333333333334,17.366666666666667,20.400000000000002
128,5.1,4.6,12.2,7.3,6.199999999999999,7.6
129,17.7,15.7,8.9,14.1,14.899999999999999,8.799999999999999
130,2.5,8.2,20.5,10.4,9.3,18.0
131,7.1,5.0,4.4,5.5,5.25,2.6999999999999993
132,4.1,26.9,5.4,12.133333333333333,8.766666666666666,22.799999999999997
133,6.1,27.2,15.1,16.133333333333333,15.616666666666667,21.1
134,8.9,8.6,4.3,7.266666666666667,7.933333333333334,4.6000000000000005
135,1.8,28.2,0.8,10.266666666666667,6.033333333333334,27.4
136,17.1,29.3,22.2,22.86666666666667,22.533333333333335,12.2
137,26.4,14.5,11.3,17.400000000000002,15.950000000000001,15.099999999999998
138,11.5,11.0,5.9,9.466666666666667,10.233333333333334,5.6
139,9.1,6.8,10.9,8.933333333333332,9.016666666666666,4.1000000000000005
140,11.4,9.4,10.4,10.4,10.4,2.0
141,1.9,4.7,2.0,2.8666666666666667,2.4333333333333336,2.8000000000000003
142,8.6,26.9,9.2,14.9,12.05,18.299999999999997
143,6.7,17.8,23.8,16.099999999999998,16.95,17.1
144,22.5,24.0,8.8,18.433333333333334,20.46666666666667,15.2
145,15.9,12.2,10.0,12.700000000000001,12.45,5.9
146,13.3,8.5,19.1,13.633333333333335,13.466666666666669,10.600000000000001
147,7.3,13.0,14.8,11.700000000000001,12.350000000000001,7.500000000000001
148,6.2,17.9,25.8,16.633333333333333,17.266666666666666,19.6
149,3.0,25.5,10.9,13.133333333333333,12.016666666666666,22.5
150,5.8,2.9,17.0,8.566666666666666,7.183333333333334,14.1
151,6.5,5.1,4.3,5.3,5.199999999999999,2.2
152,11.3,8.1,10.6,10.0,10.3,3.200000000000001
153,10.0,7.9,10.4,9.433333333333332,9.716666666666665,2.5
154,17.0,12.6,11.4,13.666666666666666,13.133333333333333,5.6
155,12.0,7.9,12.8,10.9,11.45,4.9
156,16.2,7.7,6.7,10.2,8.95,9.5
157,6.4,9.8,12.2,9.466666666666667,9.633333333333333,5.799999999999999
158,18.3,23.1,13.6,18.333333333333336,18.31666666666667,9.500000000000002
159,6.6,9.8,12.3,9.566666666666666,9.683333333333334,5.700000000000001
160,14.6,12.5,6.7,11.266666666666667,11.883333333333333,7.8999999999999995
161,9.2,7.6,14.1,10.299999999999999,9.75,6.5
162,12.3,14.1,16.2,14.199999999999998,14.149999999999999,3.8999999999999986
163,14.0,18.6,15.8,16.133333333333336,15.966666666666669,4.600000000000001
164,8.1,6.7,20.2,11.666666666666666,9.883333333333333,13.5
165,3.4,7.3,15.3,8.666666666666666,7.9833333333333325,11.9
166,15.6,6.9,18.0,13.5,14.55,11.1
167,2.9,7.6,5.9,5.466666666666666,5.683333333333334,4.699999999999999
168,21.5,5.9,0.9,9.433333333333332,7.666666666666666,20.6
169,10.5,22.0,2.3,11.6,11.05,19.7
170,3.5,30.6,10.2,14.766666666666666,12.483333333333333,27.1
171,4.0,19.9,5.8,9.9,7.85,15.899999999999999
172,28.1,2.2,25.2,18.5,21.85,25.900000000000002
173,3.6,4.0,18.1,8.566666666666668,6.283333333333334,14.500000000000002
174,13.2,5.1,8.9,9.066666666666665,8.983333333333333,8.1
175,0.8,20.5,4.0,8.433333333333334,6.216666666666667,19.7
176,5.4,2.0,20.9,9.433333333333332,7.416666666666666,18.9
177,4.5,5.3,3.1,4.3,4.4,2.1999999999999997
178,18.0,20.0,13.7,17.233333333333334,17.616666666666667,6.300000000000001
179,16.1,18.1,8.2,14.133333333333335,15.116666666666667,9.900000000000002
180,14.0,6.1,4.3,8.133333333333335,7.116666666666667,9.7
181,12.3,9.3,2.8,8.133333333333335,8.716666666666669,9.5
182,4.7,6.5,5.1,5.433333333333333,5.266666666666666,1.7999999999999998
183,22.9,5.4,11.7,13.333333333333334,12.516666666666666,17.5
184,10.4,10.1,8.8,9.766666666666667,9.933333333333334,1.5999999999999996
185,9.3,11.0,13.6,11.299999999999999,11.149999999999999,4.299999999999999
186,10.4,5.7,4.6,6.900000000000001,6.300000000000001,5.800000000000001
187,3.3,22.9,6.2,10.799999999999999,8.5,19.599999999999998
188,7.2,8.2,3.3,6.233333333333333,6.716666666666667,4.8999999999999995
189,6.7,13.3,7.0,9.0,8.0,6.6000000000000005
190,20.3,9.1,23.0,17.466666666666665,18.883333333333333,13.9
191,20.7,10.3,7.3,12.766666666666666,11.533333333333333,13.399999999999999
192,10.5,11.1,14.0,11.866666666666667,11.483333333333334,3.5
193,2.8,2.8,18.6,8.066666666666668,5.433333333333334,15.8
194,2.8,2.3,2.3,2.4666666666666663,2.383333333333333,0.5
195,8.1,9.1,3.7,6.966666666666666,7.533333333333333,5.3999999999999995
196,14.6,16.0,8.1,12.9,13.75,7.9
197,11.3,7.6,9.8,9.566666666666666,9.683333333333334,3.700000000000001
198,12.2,13.8,16.5,14.166666666666666,13.983333333333334,4.300000000000001
199,12.0,11.4,18.3,13.9,12.95,6.9
200,9.4,9.2,13.9,10.833333333333334,10.116666666666667,4.700000000000001
201,4.1,20.7,13.3,12.699999999999998,13.0,16.6
202,9.0,10.9,9.1,9.666666666666666,9.383333333333333,1.9000000000000004
203,15.3,3.1,4.4,7.600000000000001,6.000000000000001,12.200000000000001
204,5.6,20.0,5.4,10.333333333333334,7.966666666666667,14.6
205,9.7,20.8,6.0,12.166666666666666,10.933333333333334,14.8
206,11.0,7.1,8.4,8.833333333333334,8.616666666666667,3.9000000000000004
207,17.3,19.7,5.6,14.200000000000001,15.75,14.1
208,15.2,6.6,15.1,12.299999999999999,13.7,8.6
209,4.2,14.5,16.2,11.633333333333333,13.066666666666666,12.0
210,4.6,17.0,7.5,9.700000000000001,8.600000000000001,12.4
211,5.8,2.3,10.5,6.2,6.0,8.2
212,10.8,9.5,3.7,8.0,8.75,7.1000000000000005
213,7.6,7.7,11.2,8.833333333333334,8.266666666666667,3.5999999999999996
214,6.1,12.7,7.8,8.866666666666665,8.333333333333332,6.6
215,14.9,8.8,11.7,11.800000000000002,11.75,6.1
216,18.9,18.6,17.5,18.333333333333332,18.46666666666667,1.3999999999999986
217,10.4,8.5,17.5,12.133333333333333,11.266666666666666,9.0
218,20.8,17.7,10.7,16.400000000000002,17.05,10.100000000000001
219,11.7,19.2,20.0,16.966666666666665,18.083333333333332,8.3
220,18.2,5.3,31.6,18.366666666666667,18.28333333333333,26.3
221,28.8,22.6,17.6,23.0,22.8,11.2
222,17.4,3.2,4.2,8.266666666666666,6.2333333333333325,14.2
223,28.1,5.6,6.7,13.466666666666669,10.083333333333334,22.5
224,7.6,23.4,2.5,11.166666666666666,9.383333333333333,20.9
225,17.6,11.5,6.2,11.766666666666667,11.633333333333333,11.400000000000002
226,30.3,2.9,4.3,12.5,8.4,27.400000000000002
227,5.7,18.7,5.9,10.1,8.0,13.0
228,14.3,4.0,7.1,8.466666666666667,7.783333333333333,10.3
229,4.7,26.4,6.5,12.533333333333331,9.516666666666666,21.7
230,13.2,14.9,23.3,17.133333333333336,16.01666666666667,10.100000000000001
231,5.2,13.6,2.4,7.066666666666666,6.133333333333333,11.2
232,10.4,16.7,7.7,11.600000000000001,11.0,9.0
233,6.7,8.4,4.2,6.433333333333334,6.566666666666666,4.2
234,11.8,7.6,10.1,9.833333333333334,9.966666666666667,4.200000000000001
235,11.8,11.6,25.4,16.266666666666666,14.033333333333333,13.799999999999999
236,8.6,6.7,3.0,6.1000000000000005,6.4,5.6
237,5.0,25.2,20.1,16.766666666666666,18.433333333333334,20.2
238,3.9,4.1,8.9,5.633333333333333,4.866666666666666,5.0
239,10.5,10.6,11.0,10.700000000000001,10.65,0.5
240,11.1,7.6,11.1,9.933333333333332,10.516666666666666,3.5
241,6.5,10.0,9.9,8.799999999999999,9.35,3.5
242,14.3,3.0,3.9,7.066666666666666,5.483333333333333,11.3
243,23.2,5.2,23.1,17.166666666666668,20.133333333333333,18.0
244,5.6,4.9,11.5,7.333333333333333,6.466666666666667,6.6
245,6.5,6.8,6.6,6.633333333333333,6.616666666666666,0.2999999999999998
246,11.7,20.1,6.1,12.633333333333333,12.166666666666666,14.000000000000002
247,10.7,9.3,13.3,11.1,10.899999999999999,4.0
248,9.4,4.0,2.5,5.3,4.65,6.9
249,6.5,1.8,9.5,5.933333333333334,6.216666666666667,7.7
250,6.5,3.9,12.3,7.566666666666667,7.033333333333333,8.4
251,8.5,4.0,10.0,7.5,8.0,6.0
252,6.9,6.9,7.1,6.966666666666666,6.933333333333334,0.1999999999999993
253,10.2,19.9,5.9,12.0,11.1,13.999999999999998
254,5.8,13.1,15.4,11.433333333333332,12.266666666666666,9.600000000000001
255,11.0,15.1,11.8,12.633333333333335,12.216666666666669,4.1
256,7.1,1.1,11.6,6.599999999999999,6.85,10.5
257,22.5,6.2,15.4,14.700000000000001,15.05,16.3
258,9.7,22.8,11.6,14.700000000000001,13.15,13.100000000000001
259,4.0,8.0,5.9,5.966666666666666,5.933333333333334,4.0
260,9.2,9.6,11.2,9.999999999999998,9.799999999999999,2.0
261,11.5,17.7,11.4,13.533333333333333,12.516666666666666,6.299999999999999
262,9.4,12.4,7.5,9.766666666666667,9.583333333333334,4.9
263,9.9,16.1,12.7,12.9,12.8,6.200000000000001
264,18.2,16.4,5.5,13.366666666666665,14.883333333333333,12.7
265,4.4,12.3,4.2,6.966666666666668,5.683333333333334,8.100000000000001
266,5.6,5.5,3.8,4.966666666666666,5.2333333333333325,1.7999999999999998
267,6.4,21.5,3.3,10.4,8.4,18.2
268,4.6,4.6,5.4,4.866666666666666,4.7333333333333325,0.8000000000000007
269,18.6,8.2,12.9,13.233333333333334,13.066666666666666,10.400000000000002
270,12.2,18.6,11.5,14.1,13.149999999999999,7.100000000000001
271,12.7,13.3,12.6,12.866666666666667,12.783333333333333,0.7000000000000011
272,7.3,8.6,14.9,10.266666666666666,9.433333333333334,7.6000000000000005
273,8.7,16.1,20.8,15.200000000000001,15.650000000000002,12.100000000000001
274,13.0,22.8,5.2,13.666666666666666,13.333333333333332,17.6
275,11.5,9.0,2.1,7.533333333333334,8.266666666666667,9.4
276,2.9,13.9,9.5,8.766666666666667,9.133333333333333,11.0
277,8.9,3.5,4.5,5.633333333333333,5.066666666666666,5.4
278,16.2,10.7,3.4,10.1,10.399999999999999,12.799999999999999
279,7.5,8.6,9.2,8.433333333333334,8.516666666666666,1.6999999999999993
280,6.6,12.5,13.1,10.733333333333334,11.616666666666667,6.5
281,13.1,10.1,13.3,12.166666666666666,12.633333333333333,3.200000000000001
282,15.4,10.8,13.2,13.133333333333335,13.166666666666668,4.6
283,5.8,15.8,15.2,12.266666666666666,13.733333333333333,10.0
284,23.0,15.0,7.4,15.133333333333333,15.066666666666666,15.6
285,9.6,19.0,15.9,14.833333333333334,15.366666666666667,9.4
286,0.0,18.1,31.5,16.533333333333335,17.31666666666667,31.5
287,4.5,1.5,6.6,4.2,4.35,5.1
288,3.1,28.8,19.2,17.033333333333335,18.116666666666667,25.7
289,22.7,22.7,14.1,19.833333333333332,21.266666666666666,8.6
290,6.2,16.1,19.2,13.833333333333334,14.966666666666669,13.0
291,13.6,4.8,15.6,11.333333333333334,12.466666666666667,10.8
292,2.7,3.0,19.7,8.466666666666667,5.733333333333333,17.0
293,10.3,7.6,7.2,8.366666666666665,7.9833333333333325,3.1000000000000005
294,4.5,5.9,7.4,5.933333333333334,5.916666666666667,2.9000000000000004
295,13.2,17.6,6.9,12.566666666666668,12.883333333333333,10.700000000000001
296,17.3,7.7,27.3,17.433333333333334,17.366666666666667,19.6
297,6.5,4.9,26.1,12.5,9.5,21.200000000000003
298,17.4,4.9,4.1,8.799999999999999,6.85,13.299999999999999
299,4.6,5.9,9.1,6.533333333333334,6.216666666666667,4.5
300,11.4,10.0,15.7,12.366666666666665,11.883333333333333,5.699999999999999
301,15.4,18.9,8.8,14.366666666666665,14.883333333333333,10.099999999999998
302,18.0,7.3,8.0,11.1,9.55,10.7
303,4.0,3.7,21.3,9.666666666666666,6.833333333333333,17.6
304,8.8,15.2,5.7,9.9,9.350000000000001,9.5
305,12.0,9.9,8.9,10.266666666666666,10.083333333333332,3.0999999999999996
306,14.1,13.4,9.9,12.466666666666667,12.933333333333334,4.199999999999999
307,17.4,22.0,5.4,14.933333333333332,16.166666666666664,16.6
308,11.5,1.4,25.5,12.799999999999999,12.149999999999999,24.1
309,5.5,22.7,3.5,10.566666666666666,8.033333333333333,19.2
310,21.6,5.9,11.0,12.833333333333334,11.916666666666668,15.700000000000001
311,9.8,9.3,6.0,8.366666666666667,8.833333333333334,3.8000000000000007
312,13.1,9.6,13.6,12.1,12.6,4.0
313,14.9,12.1,7.6,11.533333333333333,11.816666666666666,7.300000000000001
314,10.5,4.2,6.7,7.133333333333333,6.916666666666666,6.3
315,3.1,1.8,9.8,4.9,4.0,8.0
316,5.0,7.2,24.7,12.299999999999999,9.75,19.7
317,5.5,8.1,11.6,8.4,8.25,6.1
318,13.1,6.9,7.5,9.166666666666666,8.333333333333332,6.199999999999999
319,8.7,10.8,7.2,8.9,8.8,3.6000000000000005
320,16.2,12.8,14.0,14.333333333333334,14.166666666666668,3.3999999999999986
321,17.0,16.0,17.9,16.966666666666665,16.983333333333334,1.8999999999999986
322,1.0,4.0,7.5,4.166666666666667,4.083333333333334,6.5
323,10.4,6.5,14.5,10.466666666666667,10.433333333333334,8.0
324,9.4,17.2,5.1,10.566666666666668,9.983333333333334,12.1
325,12.3,12.4,9.9,11.533333333333333,11.916666666666668,2.5
326,18.5,9.6,20.1,16.066666666666666,17.28333333333333,10.500000000000002
327,9.0,7.0,10.3,8.766666666666667,8.883333333333333,3.3000000000000007
328,12.6,11.0,18.3,13.966666666666669,13.283333333333335,7.300000000000001
329,6.6,14.7,18.8,13.366666666666665,14.033333333333331,12.200000000000001
330,15.8,21.8,21.7,19.766666666666666,20.733333333333334,6.0
331,8.9,1.5,7.0,5.8,6.4,7.4
332,1.2,22.4,8.0,10.533333333333333,9.266666666666666,21.2
333,9.9,8.6,15.4,11.299999999999999,10.6,6.800000000000001
334,20.8,7.0,9.4,12.4,10.9,13.8
335,10.0,13.3,9.8,11.033333333333333,10.516666666666666,3.5
336,5.8,5.1,12.1,7.666666666666667,6.733333333333333,7.0
337,4.0,11.1,12.1,9.066666666666666,10.083333333333332,8.1
338,16.7,17.9,14.2,16.266666666666666,16.483333333333334,3.6999999999999993
339,9.3,16.9,10.6,12.266666666666666,11.433333333333334,7.599999999999998
340,12.3,6.4,15.5,11.4,11.850000000000001,9.1
341,4.8,7.9,9.2,7.3,7.6,4.3999999999999995
342,2.7,12.1,12.6,9.133333333333333,10.616666666666667,9.899999999999999
343,3.0,8.6,5.7,5.766666666666667,5.733333333333333,5.6
344,10.2,10.6,12.3,11.033333333333331,10.816666666666666,2.1000000000000014
345,10.0,17.2,11.4,12.866666666666667,12.133333333333333,7.199999999999999
346,12.4,3.9,9.2,8.5,8.85,8.5
347,15.9,13.8,6.7,12.133333333333335,12.966666666666669,9.2
348,17.5,16.1,9.7,14.433333333333332,15.266666666666666,7.800000000000001
349,13.4,9.3,19.9,14.200000000000001,13.8,10.599999999999998
350,17.7,23.8,20.1,20.533333333333335,20.31666666666667,6.100000000000001
351,21.5,23.2,4.4,16.366666666666667,18.933333333333334,18.799999999999997
352,6.3,13.2,2.7,7.3999999999999995,6.85,10.5
353,10.2,10.8,18.9,13.299999999999999,12.05,8.7
354,14.1,6.0,8.9,9.666666666666666,9.283333333333333,8.1
355,8.5,7.5,15.5,10.5,9.5,8.0
356,16.0,15.0,6.3,12.433333333333332,13.716666666666665,9.7
357,4.3,13.6,11.9,9.933333333333332,10.916666666666666,9.3
358,14.8,18.1,16.6,16.500000000000004,16.550000000000004,3.3000000000000007
359,5.5,13.2,17.2,11.966666666666667,12.583333333333332,11.7
360,19.2,19.2,11.1,16.5,17.85,8.1
361,22.8,17.8,23.6,21.400000000000002,22.1,5.800000000000001
362,14.7,22.8,23.4,20.3,21.55,8.7
363,25.7,25.6,8.6,19.966666666666665,22.78333333333333,17.1
364,18.0,14.1,5.2,12.433333333333335,13.266666666666667,12.8
365,12.7,2.6,8.2,7.833333333333333,8.016666666666666,10.1
366,1.6,3.0,0.9,1.8333333333333333,1.7166666666666668,2.1
367,4.8,7.8,9.1,7.233333333333333,7.516666666666667,4.3
368,15.0,4.9,26.8,15.566666666666668,15.283333333333335,21.9
369,8.1,4.4,3.9,5.466666666666666,4.933333333333334,4.199999999999999
370,6.4,29.2,11.6,15.733333333333334,13.666666666666668,22.799999999999997
371,2.5,13.5,5.4,7.133333333333333,6.266666666666667,11.0
372,11.5,5.4,3.7,6.866666666666666,6.133333333333333,7.8
373,10.4,13.6,21.4,15.133333333333333,14.366666666666667,10.999999999999998
374,1.8,22.8,12.3,12.300000000000002,12.3,21.0
375,1.9,3.9,22.4,9.4,6.65,20.5
376,5.3,26.8,16.4,16.166666666666668,16.28333333333333,21.5
377,8.4,9.5,13.0,10.299999999999999,9.899999999999999,4.6
378,9.2,8.9,9.9,9.333333333333334,9.266666666666666,1.0
379,15.6,26.1,5.1,15.600000000000001,15.600000000000001,21.0
380,21.4,2.4,6.1,9.966666666666667,8.033333333333333,19.0
381,15.1,3.2,15.8,11.366666666666667,13.233333333333334,12.600000000000001
382,4.3,9.2,10.6,8.033333333333333,8.616666666666667,6.3
383,6.6,5.3,10.8,7.566666666666666,7.083333333333333,5.500000000000001
384,9.7,14.0,11.5,11.733333333333334,11.616666666666667,4.300000000000001
385,26.3,12.1,14.2,17.53333333333333,15.866666666666665,14.200000000000001
386,4.9,2.6,12.9,6.8,5.85,10.3
387,18.5,3.5,5.6,9.200000000000001,7.4,15.0
388,19.1,18.5,9.7,15.766666666666666,17.133333333333333,9.400000000000002
389,6.3,12.1,6.2,8.2,7.25,5.8999999999999995
390,5.3,11.7,12.8,9.933333333333334,10.816666666666666,7.500000000000001
391,9.2,12.8,9.8,10.6,10.2,3.6000000000000014
392,24.8,3.1,5.6,11.166666666666666,8.383333333333333,21.7
393,10.7,8.1,3.4,7.399999999999999,7.749999999999999,7.299999999999999
394,4.7,22.3,13.4,13.466666666666667,13.433333333333334,17.6
395,5.2,5.3,5.7,5.3999999999999995,5.35,0.5
396,4.4,13.7,12.0,10.033333333333333,11.016666666666666,9.299999999999999
397,10.5,12.1,7.2,9.933333333333334,10.216666666666667,4.8999999999999995
398,16.2,6.8,8.4,10.466666666666667,9.433333333333334,9.399999999999999
399,12.0,15.3,10.5,12.6,12.3,4.800000000000001
400,3.4,10.6,4.1,6.033333333333334,5.066666666666666,7.199999999999999
401,21.6,7.5,3.1,10.733333333333334,9.116666666666667,18.5
402,3.6,3.0,12.2,6.266666666666666,4.933333333333333,9.2
403,6.7,11.1,4.8,7.533333333333334,7.116666666666667,6.3
404,8.9,6.4,8.8,8.033333333333333,8.416666666666668,2.5
405,12.5,3.8,5.9,7.400000000000001,6.65,8.7
406,11.4,11.3,7.1,9.933333333333335,10.616666666666667,4.300000000000001
407,16.2,15.2,16.2,15.866666666666665,16.03333333333333,1.0
408,13.6,4.7,12.5,10.266666666666667,11.383333333333333,8.899999999999999
409,3.2,6.7,21.1,10.333333333333334,8.516666666666667,17.900000000000002
410,1.1,3.3,2.1,2.1666666666666665,2.1333333333333333,2.1999999999999997
411,9.9,4.9,3.6,6.133333333333334,5.5166666666666675,6.300000000000001
412,8.2,5.3,6.3,6.6000000000000005,6.45,2.8999999999999995
413,5.9,11.1,12.5,9.833333333333334,10.466666666666667,6.6
414,13.3,10.1,14.6,12.666666666666666,12.983333333333334,4.5
415,17.3,14.5,8.3,13.366666666666667,13.933333333333334,9.0
416,14.0,13.8,14.2,14.0,14.0,0.3999999999999986
417,5.3,20.9,16.9,14.366666666666665,15.633333333333333,15.599999999999998
418,17.8,14.2,18.7,16.900000000000002,17.35,4.5
419,0.1,9.5,11.5,7.033333333333334,8.266666666666667,11.4
420,21.8,15.9,3.4,13.700000000000001,14.8,18.400000000000002
421,13.4,3.0,2.5,6.3,4.65,10.9
422,4.3,9.9,2.9,5.699999999999999,5.0,7.0
423,2.7,10.2,12.3,8.4,9.3,9.600000000000001
424,13.9,9.3,3.8,9.000000000000002,9.150000000000002,10.100000000000001
425,10.2,4.0,3.4,5.866666666666666,4.933333333333334,6.799999999999999
426,9.9,11.3,11.2,10.800000000000002,11.0,1.4000000000000004
427,20.7,22.0,17.4,20.033333333333335,20.366666666666667,4.600000000000001
428,7.6,16.0,20.1,14.566666666666668,15.283333333333335,12.500000000000002
429,19.2,7.2,22.5,16.3,17.75,15.3
430,19.8,15.7,7.7,14.4,15.05,12.100000000000001
431,2.2,3.9,8.2,4.766666666666667,4.333333333333333,5.999999999999999
432,9.1,2.8,4.0,5.3,4.65,6.3
433,7.4,14.4,14.2,12.0,13.1,7.0
434,11.3,13.6,8.6,11.166666666666666,11.233333333333334,5.0
435,11.4,15.2,7.3,11.299999999999999,11.35,7.8999999999999995
436,11.7,15.8,14.2,13.9,14.05,4.100000000000001
437,14.3,4.7,5.9,8.299999999999999,7.1,9.600000000000001
438,21.9,19.6,20.1,20.533333333333335,20.31666666666667,2.299999999999997
439,23.6,23.8,19.3,22.233333333333334,22.916666666666668,4.5
440,19.4,16.8,8.4,14.866666666666667,15.833333333333334,10.999999999999998
441,6.3,20.1,20.8,15.733333333333334,17.916666666666668,14.5
442,7.0,1.1,18.9,9.0,8.0,17.799999999999997
443,14.3,3.7,1.4,6.466666666666666,5.083333333333333,12.9
444,2.9,2.8,5.6,3.766666666666666,3.333333333333333,2.8
445,8.4,8.1,15.1,10.533333333333333,9.466666666666667,7.0
446,12.8,10.9,8.7,10.800000000000002,10.850000000000001,4.100000000000001
447,9.9,14.0,11.3,11.733333333333334,11.516666666666667,4.1
448,12.3,13.4,5.3,10.333333333333334,11.316666666666666,8.100000000000001
449,14.2,11.6,12.2,12.666666666666666,12.433333333333334,2.5999999999999996
450,18.7,16.6,22.0,19.099999999999998,18.9,5.399999999999999
451,15.5,11.8,20.2,15.833333333333334,15.666666666666668,8.399999999999999
452,22.0,7.2,6.7,11.966666666666667,9.583333333333334,15.3
453,17.2,23.3,27.8,22.766666666666666,23.03333333333333,10.600000000000001
454,14.9,26.8,2.6,14.766666666666667,14.833333333333334,24.2
455,14.8,3.6,19.6,12.666666666666666,13.733333333333334,16.0
456,18.7,7.3,3.9,9.966666666666667,8.633333333333333,14.799999999999999
457,1.5,24.5,1.3,9.1,5.3,23.2
458,10.3,0.6,7.5,6.133333333333333,6.816666666666666,9.700000000000001
459,19.6,13.5,14.1,15.733333333333334,14.916666666666668,6.100000000000001
460,6.2,6.2,3.4,5.266666666666667,5.733333333333333,2.8000000000000003
461,2.2,3.1,4.6,3.3000000000000003,3.2,2.3999999999999995
462,8.7,19.2,26.1,18.0,18.6,17.400000000000002
463,9.5,4.3,23.5,12.433333333333332,10.966666666666665,19.2
464,24.4,6.6,7.2,12.733333333333334,9.966666666666667,17.799999999999997
465,4.7,9.4,16.8,10.3,9.850000000000001,12.100000000000001
466,3.2,20.7,2.8,8.9,6.050000000000001,17.9
467,2.4,7.0,12.5,7.3,7.15,10.1
468,7.5,9.3,13.3,10.033333333333333,9.666666666666668,5.800000000000001
469,5.1,8.2,9.6,7.633333333333333,7.916666666666666,4.5
470,2.9,10.6,16.4,9.966666666666667,10.283333333333333,13.499999999999998
471,17.6,1.8,3.9,7.766666666666667,5.833333333333333,15.8
472,5.5,21.4,18.4,15.1,16.75,15.899999999999999
473,6.0,3.5,11.6,7.033333333333334,6.5166666666666675,8.1
474,10.6,4.7,7.9,7.733333333333334,7.816666666666667,5.8999999999999995
475,11.2,10.7,13.8,11.9,11.55,3.1000000000000014
476,9.2,1.2,13.5,7.966666666666666,8.583333333333332,12.3
477,19.7,20.8,11.1,17.2,18.45,9.700000000000001
478,9.9,3.6,6.4,6.633333333333333,6.516666666666667,6.300000000000001
479,4.8,7.2,8.2,6.733333333333333,6.966666666666667,3.3999999999999995
480,15.8,20.0,12.8,16.2,16.0,7.199999999999999
481,5.5,6.6,12.1,8.066666666666666,7.333333333333333,6.6
482,16.7,12.9,15.7,15.1,15.399999999999999,3.799999999999999
483,11.6,7.9,5.5,8.333333333333334,8.116666666666667,6.1
484,6.3,5.6,8.4,6.766666666666666,6.533333333333333,2.8000000000000007
485,3.7,11.5,5.8,7.0,6.4,7.8
486,8.2,6.2,7.8,7.3999999999999995,7.6,1.9999999999999991
487,4.5,12.6,10.0,9.033333333333333,9.516666666666666,8.1
488,11.2,5.6,16.2,11.0,11.1,10.6
489,6.0,15.8,12.0,11.266666666666666,11.633333333333333,9.8
490,5.4,4.7,14.6,8.233333333333334,6.816666666666667,9.899999999999999
491,12.1,5.5,0.1,5.900000000000001,5.700000000000001,12.0
492,5.5,5.8,4.2,5.166666666666667,5.333333333333334,1.5999999999999996
493,11.2,8.7,3.6,7.833333333333333,8.266666666666666,7.6
494,8.3,12.6,3.6,8.166666666666666,8.233333333333334,9.0
495,7.4,12.7,12.8,10.966666666666669,11.833333333333334,5.4
496,9.6,11.7,12.6,11.299999999999999,11.5,3.0
497,7.9,9.9,7.0,8.266666666666667,8.083333333333334,2.9000000000000004
498,12.3,16.8,15.0,14.700000000000001,14.850000000000001,4.5
499,17.7,4.5,19.2,13.799999999999999,15.75,14.7
500,1.5,21.5,6.3,9.766666666666667,8.033333333333333,20.0
501,10.1,1.4,9.6,7.033333333333334,8.316666666666666,8.7
502,18.6,4.7,7.5,10.266666666666667,8.883333333333333,13.900000000000002
503,8.2,18.5,5.1,10.6,9.399999999999999,13.4
504,9.0,7.1,8.5,8.200000000000001,8.350000000000001,1.9000000000000004
505,10.0,12.6,10.8,11.133333333333335,10.966666666666669,2.5999999999999996
506,13.5,13.2,15.9,14.200000000000001,13.850000000000001,2.700000000000001
507,7.8,17.7,18.1,14.533333333333333,16.116666666666667,10.3
508,21.2,20.9,15.3,19.13333333333333,20.016666666666666,5.899999999999999
509,20.6,12.8,18.3,17.233333333333334,17.766666666666666,7.800000000000001
510,16.0,6.5,20.8,14.433333333333332,15.216666666666665,14.3
511,1.2,8.6,1.2,3.666666666666666,2.433333333333333,7.3999999999999995
512,13.6,6.4,4.4,8.133333333333333,7.266666666666667,9.2
513,7.9,8.0,12.5,9.466666666666667,8.733333333333334,4.6
514,1.7,7.5,9.9,6.366666666666667,6.933333333333334,8.200000000000001
515,15.3,11.2,4.8,10.433333333333334,10.816666666666666,10.5
516,13.2,8.3,11.4,10.966666666666667,11.183333333333334,4.899999999999999
517,10.8,16.6,17.7,15.033333333333333,15.816666666666666,6.899999999999999
518,19.7,8.4,10.6,12.9,11.75,11.299999999999999
519,9.8,9.4,15.8,11.666666666666666,10.733333333333334,6.4
520,14.5,16.0,22.3,17.599999999999998,16.799999999999997,7.800000000000001
521,20.2,9.5,1.5,10.4,9.95,18.7
522,4.7,15.3,12.5,10.833333333333334,11.666666666666668,10.600000000000001
523,2.2,8.2,7.6,6.0,6.8,5.999999999999999
524,8.9,7.0,5.9,7.266666666666667,7.133333333333333,3.0
525,11.8,4.2,9.3,8.433333333333334,8.866666666666667,7.6000000000000005
526,12.4,16.5,9.5,12.799999999999999,12.6,7.0
527,14.0,13.5,11.4,12.966666666666667,13.233333333333334,2.5999999999999996
528,11.4,16.6,17.1,15.033333333333333,15.816666666666666,5.700000000000001
529,15.4,14.7,6.2,12.100000000000001,13.4,9.2
530,24.4,16.5,21.6,20.833333333333332,21.21666666666667,7.899999999999999
531,17.2,19.3,21.9,19.466666666666665,19.383333333333333,4.699999999999999
532,29.6,12.2,23.3,21.7,22.5,17.400000000000002
533,12.5,15.3,6.0,11.266666666666666,11.883333333333333,9.3
534,13.7,16.2,2.4,10.766666666666666,12.233333333333333,13.799999999999999
535,10.1,13.8,3.6,9.166666666666666,9.633333333333333,10.200000000000001
536,5.8,16.1,9.4,10.433333333333335,9.916666666666668,10.3
537,7.1,8.6,12.3,9.333333333333334,8.966666666666667,5.200000000000001
538,9.2,13.2,12.5,11.633333333333333,12.066666666666666,4.0
539,12.9,13.9,12.4,13.066666666666668,12.983333333333334,1.5
540,17.3,18.4,15.2,16.96666666666667,17.133333333333333,3.1999999999999993
541,16.6,5.8,21.0,14.466666666666669,15.533333333333335,15.2
542,8.3,25.8,11.4,15.166666666666666,13.283333333333333,17.5
543,23.0,9.8,4.2,12.333333333333334,11.066666666666666,18.8
544,5.6,6.3,5.9,5.933333333333333,5.916666666666666,0.7000000000000002
545,29.1,27.2,9.9,22.066666666666666,24.633333333333333,19.200000000000003
546,7.0,7.1,1.4,5.166666666666667,6.083333333333334,5.699999999999999
547,4.7,10.9,15.0,10.200000000000001,10.55,10.3
548,6.7,4.6,8.0,6.433333333333334,6.566666666666666,3.4000000000000004
549,12.9,9.5,9.1,10.5,10.0,3.8000000000000007
550,11.7,11.0,7.3,10.0,10.5,4.3999999999999995
551,2.8,11.7,13.2,9.233333333333333,10.466666666666665,10.399999999999999
552,16.8,18.8,11.5,15.700000000000001,16.25,7.300000000000001
553,12.4,15.1,13.5,13.666666666666666,13.583333333333332,2.6999999999999993
554,22.1,18.0,16.1,18.733333333333334,18.366666666666667,6.0
555,9.2,21.7,22.5,17.8,19.75,13.3
556,13.7,26.8,19.5,20.0,19.75,13.100000000000001
557,29.7,23.5,26.3,26.5,26.4,6.199999999999999
558,13.9,30.7,28.6,24.400000000000002,26.5,16.799999999999997
559,34.4,34.4,32.4,33.73333333333333,34.06666666666666,2.0
560,5.4,11.0,29.0,15.133333333333333,13.066666666666666,23.6
561,1.4,13.0,0.0,4.8,3.0999999999999996,13.0
562,20.3,4.8,22.7,15.933333333333332,18.116666666666667,17.9
563,8.4,9.3,9.2,8.966666666666667,9.083333333333332,0.9000000000000004
564,2.7,12.6,2.1,5.800000000000001,4.25,10.5
565,5.4,7.3,3.6,5.433333333333334,5.416666666666667,3.6999999999999997
566,1.0,0.6,4.1,1.8999999999999997,1.4499999999999997,3.4999999999999996
567,8.5,8.4,2.5,6.466666666666666,7.433333333333334,6.0
568,8.1,2.9,6.2,5.733333333333333,5.966666666666667,5.199999999999999
569,10.7,5.1,11.9,9.233333333333333,9.966666666666665,6.800000000000001
570,24.8,9.5,2.2,12.166666666666666,10.833333333333332,22.6
571,14.1,13.8,22.0,16.633333333333333,15.366666666666667,8.2
572,1.9,11.2,18.7,10.6,10.899999999999999,16.8
573,4.8,9.1,10.5,8.133333333333333,8.616666666666667,5.7
574,22.3,8.7,19.0,16.666666666666668,17.833333333333336,13.600000000000001
575,11.3,17.7,1.6,10.200000000000001,10.75,16.099999999999998
576,4.6,7.0,1.4,4.333333333333333,4.466666666666667,5.6
577,3.3,2.9,6.4,4.2,3.75,3.5000000000000004
578,5.5,5.4,4.8,5.233333333333333,5.316666666666666,0.7000000000000002
579,16.8,2.6,10.0,9.8,9.9,14.200000000000001
580,13.2,11.6,4.9,9.899999999999999,10.75,8.299999999999999
581,5.7,2.5,23.0,10.4,8.05,20.5
582,8.4,6.9,1.8,5.7,6.300000000000001,6.6000000000000005
583,5.2,4.7,21.2,10.366666666666667,7.783333333333333,16.5
584,9.6,6.3,6.3,7.3999999999999995,6.85,3.3
585,8.4,9.5,17.4,11.766666666666666,10.633333333333333,8.999999999999998
586,7.6,12.5,8.1,9.4,8.75,4.9
587,7.6,15.8,14.3,12.566666666666668,13.433333333333334,8.200000000000001
588,1.9,2.3,3.4,2.533333333333333,2.4166666666666665,1.5
589,2.6,3.7,2.2,2.8333333333333335,2.716666666666667,1.5
590,12.3,8.3,4.1,8.233333333333334,8.266666666666667,8.200000000000001
591,11.8,4.4,7.1,7.766666666666668,7.433333333333334,7.4
592,8.4,3.8,8.5,6.8999999999999995,7.65,4.7
593,12.4,13.0,5.0,10.133333333333333,11.266666666666666,8.0
594,4.7,18.3,8.3,10.433333333333334,9.366666666666667,13.600000000000001
595,14.8,4.0,4.8,7.866666666666667,6.333333333333334,10.8
596,7.8,10.8,10.2,9.6,9.899999999999999,3.000000000000001
597,10.9,2.2,0.5,4.533333333333334,3.366666666666667,10.4
598,5.6,14.5,5.4,8.5,7.05,9.1
599,10.8,5.5,13.3,9.866666666666667,10.333333333333334,7.800000000000001
600,18.2,3.8,7.8,9.933333333333334,8.866666666666667,14.399999999999999
601,5.9,6.9,13.5,8.766666666666667,7.833333333333334,7.6
602,10.3,6.8,10.5,9.200000000000001,9.75,3.7
603,8.9,14.9,10.5,11.433333333333332,10.966666666666665,6.0
604,13.4,13.4,22.4,16.400000000000002,14.900000000000002,8.999999999999998
605,5.2,5.4,8.5,6.366666666666667,5.883333333333334,3.3
606,11.1,19.6,3.7,11.466666666666669,11.283333333333335,15.900000000000002
607,2.2,12.0,18.3,10.833333333333334,11.416666666666668,16.1
608,12.2,8.2,5.0,8.466666666666667,8.333333333333332,7.199999999999999
609,11.9,6.9,15.1,11.299999999999999,11.6,8.2
610,8.2,16.1,11.5,11.933333333333332,11.716666666666665,7.900000000000002
611,2.1,15.9,14.0,10.666666666666666,12.333333333333332,13.8
612,17.9,16.0,15.4,16.433333333333334,16.21666666666667,2.4999999999999982
613,14.3,21.0,18.2,17.833333333333332,18.016666666666666,6.699999999999999
614,4.5,17.0,17.8,13.1,15.05,13.3
615,14.8,9.1,1.6,8.5,8.8,13.200000000000001
616,15.5,14.9,15.3,15.233333333333334,15.266666666666667,0.5999999999999996
617,15.4,2.8,17.3,11.833333333333334,13.616666666666667,14.5
618,7.2,4.6,8.0,6.6000000000000005,6.9,3.4000000000000004
619,5.3,3.6,8.3,5.733333333333334,5.5166666666666675,4.700000000000001
620,9.1,10.6,10.1,9.933333333333332,10.016666666666666,1.5
621,18.3,8.4,13.7,13.466666666666669,13.583333333333334,9.9
622,10.8,12.6,16.4,13.266666666666666,12.933333333333334,5.599999999999998
623,6.7,12.3,5.0,8.0,7.35,7.300000000000001
624,18.7,3.7,9.9,10.766666666666666,10.333333333333332,15.0
625,23.6,22.1,19.3,21.666666666666668,21.883333333333333,4.300000000000001
626,12.6,13.4,3.2,9.733333333333333,11.166666666666666,10.2
627,15.4,10.9,6.6,10.966666666666667,10.933333333333334,8.8
628,15.1,6.2,7.2,9.5,8.35,8.899999999999999
629,10.5,3.0,15.1,9.533333333333333,10.016666666666666,12.1
630,11.2,10.1,1.8,7.699999999999999,8.899999999999999,9.399999999999999
631,10.9,15.9,2.4,9.733333333333333,10.316666666666666,13.5
632,16.4,5.9,3.0,8.433333333333332,7.166666666666666,13.399999999999999
633,12.6,18.4,15.3,15.433333333333332,15.366666666666667,5.799999999999999
634,18.1,16.0,14.1,16.066666666666666,16.03333333333333,4.000000000000002
635,6.6,7.7,18.3,10.866666666666667,9.283333333333333,11.700000000000001
636,15.8,13.8,8.6,12.733333333333334,13.266666666666667,7.200000000000001
637,4.5,11.7,22.3,12.833333333333334,12.266666666666666,17.8
638,11.0,4.7,7.6,7.766666666666666,7.683333333333333,6.3
639,2.1,2.3,5.0,3.1333333333333333,2.716666666666667,2.9
640,4.9,9.1,12.3,8.766666666666667,8.933333333333334,7.4
641,2.9,14.1,5.1,7.366666666666667,6.233333333333333,11.2
642,2.3,10.9,10.5,7.8999999999999995,9.2,8.600000000000001
643,8.8,6.1,9.5,8.133333333333333,8.466666666666667,3.4000000000000004
644,12.4,11.5,13.9,12.6,12.5,2.4000000000000004
645,15.7,12.5,14.7,14.299999999999999,14.5,3.1999999999999993
646,8.4,7.3,20.0,11.9,10.15,12.7
647,7.6,16.2,1.6,8.466666666666667,8.033333333333333,14.6
648,20.6,17.7,22.3,20.2,20.4,4.600000000000001
649,11.5,19.7,29.0,20.066666666666666,19.883333333333333,17.5
650,29.5,28.0,3.9,20.466666666666665,24.233333333333334,25.6
651,10.5,16.1,4.4,10.333333333333334,10.416666666666668,11.700000000000001
652,7.1,10.9,10.6,9.533333333333333,10.066666666666666,3.8000000000000007
653,17.3,10.4,10.3,12.666666666666666,11.533333333333333,7.0
654,14.4,15.4,1.2,10.333333333333334,12.366666666666667,14.200000000000001
655,9.8,8.5,13.0,10.433333333333334,10.116666666666667,4.5
656,10.2,8.5,11.9,10.200000000000001,10.2,3.4000000000000004
657,14.7,7.3,9.3,10.433333333333334,9.866666666666667,7.3999999999999995
658,17.1,4.3,1.2,7.533333333333334,5.916666666666667,15.900000000000002
659,19.0,0.6,6.2,8.6,7.4,18.4
660,21.0,16.9,3.8,13.899999999999999,15.399999999999999,17.2
661,22.5,25.3,10.7,19.5,21.0,14.600000000000001
662,25.1,16.1,4.3,15.166666666666666,15.633333333333333,20.8
663,32.0,31.7,29.6,31.100000000000005,31.400000000000002,2.3999999999999986
664,13.3,29.5,31.3,24.7,27.1,18.0
665,10.0,18.5,4.1,10.866666666666667,10.433333333333334,14.4
666,3.5,18.7,6.8,9.666666666666666,8.233333333333333,15.2
667,2.0,9.4,6.3,5.8999999999999995,6.1,7.4
668,11.7,6.9,5.7,8.1,7.5,5.999999999999999
669,18.6,4.1,15.7,12.800000000000002,14.25,14.500000000000002
670,18.5,2.2,10.6,10.433333333333332,10.516666666666666,16.3
671,12.7,11.5,13.0,12.4,12.55,1.5
672,16.3,9.1,18.5,14.633333333333333,15.466666666666667,9.4
673,16.5,7.4,16.4,13.433333333333332,14.916666666666664,9.1
674,7.0,1.0,9.2,5.733333333333333,6.366666666666667,8.2
675,23.4,17.8,21.4,20.866666666666667,21.133333333333333,5.599999999999998
676,2.7,21.8,20.2,14.9,17.55,19.1
677,19.9,2.3,31.4,17.866666666666664,18.883333333333333,29.099999999999998
678,30.2,26.1,31.9,29.399999999999995,29.799999999999997,5.799999999999997
679,24.8,14.2,6.3,15.1,14.649999999999999,18.5
