Simulation Number,comboID,Your revenue,Perfect foresight strategy,Difference (%),run_id
1,0,64260,90552,29.0,Felix1
2,1,49872,77148,35.4,Felix1
3,2,101940,110232,7.5,Felix1
4,3,91992,104784,12.2,Felix1
5,4,39624,63408,37.5,Felix1
6,5,40410,62652,35.5,Felix1
7,6,9912,15204,34.8,Felix1
8,7,111840,114552,2.4,Felix1
9,8,58644,82440,28.9,Felix1
10,9,98664,105936,6.9,Felix1
11,10,119934,120000,0.1,Felix1
12,11,110208,113064,2.5,Felix1
13,12,108684,112368,3.3,Felix1
14,13,71964,93744,23.2,Felix1
15,14,44334,67212,34.0,Felix1
16,15,115314,120000,3.9,Felix1
17,16,99864,107262,6.9,Felix1
18,17,120000,120000,0.0,Felix1
19,18,95124,104364,8.9,Felix1
20,19,72336,90348,19.9,Felix1
21,20,88494,104076,15.0,Felix1
22,21,79056,98790,20.0,Felix1
23,22,75564,96096,21.4,Felix1
24,23,16800,25536,34.2,Felix1
25,24,96498,105780,8.8,Felix1
1,0,7080,11640,39.2,Felix1
2,1,86142,103950,17.1,Felix1
3,2,99156,109458,9.4,Felix1
4,3,83556,101658,17.8,Felix1
5,4,39144,62760,37.6,Felix1
6,5,61614,86724,29.0,Felix1
7,6,86976,102480,15.1,Felix1
8,7,95004,106398,10.7,Felix1
9,8,120000,120000,0.0,Felix1
10,9,49536,74484,33.5,Felix1
1,0,108360,114492,5.4,Felix1
2,1,58194,84768,31.3,Felix1
3,2,120000,120000,0.0,Felix1
4,3,108576,112344,3.4,Felix1
5,4,102270,111258,8.1,Felix1
6,5,64338,88152,27.0,Felix1
7,6,97410,107568,9.4,Felix1
8,7,109356,112734,3.0,Felix1
9,8,63360,85428,25.8,Felix1
10,9,21060,30828,31.7,Felix1
11,10,108030,113358,4.7,Felix1
12,11,78246,99450,21.3,Felix1
13,12,109044,112068,2.7,Felix1
14,13,116214,120000,3.2,Felix1
15,14,76650,96060,20.2,Felix1
16,15,31440,47436,33.7,Felix1
17,16,91392,104862,12.8,Felix1
18,17,68964,89640,23.1,Felix1
19,18,95460,104112,8.3,Felix1
20,19,108528,115566,6.1,Felix1
21,20,82692,101304,18.4,Felix1
22,21,107208,111408,3.8,Felix1
1,0,107280,114246,6.1,Felix1
2,1,61962,87972,29.6,Felix1
3,2,107448,113124,5.0,Felix1
4,3,85008,102528,17.1,Felix1
5,4,119388,120000,0.5,Felix1
6,5,96996,108600,10.7,Felix1
7,6,63378,86052,26.3,Felix1
8,7,80364,99786,19.5,Felix1
9,8,120000,120000,0.0,Felix1
10,9,109824,115920,5.3,Felix1
1,0,96240,109530,12.1,Felix1
2,1,90756,106356,14.7,Felix1
3,2,118692,120000,1.1,Felix1
4,3,59196,83124,28.8,Felix1
5,4,116484,116484,0.0,Felix1
6,5,87966,104436,15.8,Felix1
7,6,79674,99198,19.7,Felix1
8,7,15804,24096,34.4,Felix1
9,8,78876,97578,19.2,Felix1
10,9,120000,120000,0.0,Felix1
11,10,94458,107328,12.0,Felix1
12,11,71178,93540,23.9,Felix1
13,12,110238,112686,2.2,Felix1
14,13,57450,81420,29.4,Felix1
15,14,52194,76632,31.9,Felix1
16,15,65490,87288,25.0,Felix1
17,16,95700,106026,9.7,Felix1
18,17,71988,91860,21.6,Felix1
19,18,106164,111030,4.4,Felix1
20,19,88692,100632,11.9,Felix1
21,20,73962,96444,23.3,Felix1
22,21,26430,41676,36.6,Felix1
23,22,114330,117384,2.6,Felix1
24,23,83364,100290,16.9,Felix1
25,24,76590,97866,21.7,Felix1
26,25,110622,115908,4.6,Felix1
27,26,55116,78852,30.1,Felix1
28,27,90258,101442,11.0,Felix1
29,28,75180,93276,19.4,Felix1
30,29,74010,88992,16.8,Felix1
31,30,99444,106650,6.8,Felix1
32,31,68124,87240,21.9,Felix1
33,32,113616,120000,5.3,Felix1
34,33,76740,91236,15.9,Felix1
35,34,101952,115902,12.0,Felix1
36,35,80442,99708,19.3,Felix1
37,36,99372,107496,7.6,Felix1
38,37,61764,83394,25.9,Felix1
39,38,78876,97422,19.0,Felix1
40,39,118686,120000,1.1,Felix1
41,40,85692,99738,14.1,Felix1
42,41,91512,102612,10.8,Felix1
43,42,110850,113586,2.4,Felix1
44,43,92724,101646,8.8,Felix1
45,44,98310,103668,5.2,Felix1
46,45,72690,90408,19.6,Felix1
47,46,104922,108666,3.4,Felix1
48,47,109854,114858,4.4,Felix1
49,48,76404,91152,16.2,Felix1
50,49,90966,99270,8.4,Felix1
51,50,59292,80304,26.2,Felix1
52,51,102672,105438,2.6,Felix1
53,52,110244,114534,3.7,Felix1
54,53,106044,114438,7.3,Felix1
55,54,105960,116586,9.1,Felix1
56,55,66432,79200,16.1,Felix1
57,56,90924,104196,12.7,Felix1
58,57,95298,104970,9.2,Felix1
59,58,89100,102114,12.7,Felix1
60,59,63984,85068,24.8,Felix1
61,60,110694,112590,1.7,Felix1
62,61,63720,84276,24.4,Felix1
63,62,85170,99132,14.1,Felix1
64,63,47808,69660,31.4,Felix1
65,64,97278,104046,6.5,Felix1
66,65,100080,107274,6.7,Felix1
67,66,77382,94704,18.3,Felix1
68,67,109314,112188,2.6,Felix1
69,68,108084,113322,4.6,Felix1
70,69,75768,90756,16.5,Felix1
71,70,100440,110652,9.2,Felix1
72,71,52674,74256,29.1,Felix1
73,72,65238,83736,22.1,Felix1
74,73,66558,83316,20.1,Felix1
75,74,97830,103386,5.4,Felix1
76,75,68406,83604,18.2,Felix1
77,76,112122,120000,6.6,Felix1
78,77,102060,106398,4.1,Felix1
79,78,71760,89352,19.7,Felix1
80,79,40920,55896,26.8,Felix1
81,80,105960,116082,8.7,Felix1
82,81,92496,100338,7.8,Felix1
83,82,97656,111228,12.2,Felix1
84,83,93048,103758,10.3,Felix1
85,84,81750,99510,17.8,Felix1
86,85,98022,106260,7.8,Felix1
87,86,111564,113232,1.5,Felix1
88,87,103254,107646,4.1,Felix1
89,88,113682,119280,4.7,Felix1
90,89,55374,76236,27.4,Felix1
91,90,75732,93360,18.9,Felix1
92,91,111564,115368,3.3,Felix1
93,92,66714,84012,20.6,Felix1
94,93,82404,93690,12.0,Felix1
95,94,106530,108684,2.0,Felix1
96,95,112338,120000,6.4,Felix1
97,96,78726,93108,15.4,Felix1
98,97,89124,98910,9.9,Felix1
99,98,95598,102390,6.6,Felix1
100,99,105420,107382,1.8,Felix1
101,100,28644,39612,27.7,Felix1
102,101,72798,87876,17.2,Felix1
103,102,107124,115638,7.4,Felix1
104,103,63048,79008,20.2,Felix1
105,104,94656,107886,12.3,Felix1
106,105,102330,105132,2.7,Felix1
107,106,72144,87456,17.5,Felix1
108,107,99666,103488,3.7,Felix1
109,108,97332,104244,6.6,Felix1
110,109,53346,71472,25.4,Felix1
111,110,93918,100308,6.4,Felix1
112,111,97002,109230,11.2,Felix1
113,112,100668,103428,2.7,Felix1
114,113,107796,120000,10.2,Felix1
115,114,95460,100770,5.3,Felix1
116,115,107580,119760,10.2,Felix1
117,116,110760,120000,7.7,Felix1
118,117,94800,106938,11.4,Felix1
119,118,86904,94536,8.1,Felix1
120,119,86160,97296,11.4,Felix1
121,120,92556,103812,10.8,Felix1
122,121,104904,108948,3.7,Felix1
123,122,63702,82854,23.1,Felix1
124,123,74616,93432,20.1,Felix1
125,124,112230,116064,3.3,Felix1
126,125,89718,100500,10.7,Felix1
127,126,110094,113124,2.7,Felix1
128,127,107940,111120,2.9,Felix1
129,128,107058,112824,5.1,Felix1
130,129,74766,90792,17.7,Felix1
131,130,104568,107208,2.5,Felix1
132,131,94722,101964,7.1,Felix1
133,132,104970,109464,4.1,Felix1
134,133,103164,109842,6.1,Felix1
135,134,103428,113592,8.9,Felix1
136,135,108018,110046,1.8,Felix1
137,136,74988,90456,17.1,Felix1
138,137,49434,67152,26.4,Felix1
139,138,85974,97140,11.5,Felix1
140,139,97638,107430,9.1,Felix1
141,140,95454,107700,11.4,Felix1
142,141,107214,109296,1.9,Felix1
143,142,109308,119580,8.6,Felix1
144,143,108348,116178,6.7,Felix1
145,144,56100,72432,22.5,Felix1
146,145,73818,87744,15.9,Felix1
147,146,104070,120000,13.3,Felix1
148,147,87228,94092,7.3,Felix1
149,148,106548,113616,6.2,Felix1
150,149,106182,109482,3.0,Felix1
151,150,99192,105264,5.8,Felix1
152,151,100896,107886,6.5,Felix1
153,152,105324,118704,11.3,Felix1
154,153,108000,120000,10.0,Felix1
155,154,99618,120000,17.0,Felix1
156,155,89118,101268,12.0,Felix1
157,156,74136,88464,16.2,Felix1
158,157,91908,98142,6.4,Felix1
159,158,65448,80130,18.3,Felix1
160,159,96624,103494,6.6,Felix1
161,160,69336,81216,14.6,Felix1
162,161,92304,101634,9.2,Felix1
163,162,71424,81408,12.3,Felix1
164,163,87576,101784,14.0,Felix1
165,164,84552,92016,8.1,Felix1
166,165,112518,116454,3.4,Felix1
167,166,83784,99234,15.6,Felix1
168,167,104598,107700,2.9,Felix1
169,168,68010,86628,21.5,Felix1
170,169,88080,98400,10.5,Felix1
171,170,109794,113724,3.5,Felix1
172,171,110178,114798,4.0,Felix1
173,172,33054,45972,28.1,Felix1
174,173,104718,108576,3.6,Felix1
175,174,80748,93024,13.2,Felix1
176,175,108174,109086,0.8,Felix1
177,176,110010,116256,5.4,Felix1
178,177,104790,109704,4.5,Felix1
179,178,68028,82992,18.0,Felix1
180,179,69954,83352,16.1,Felix1
181,180,80286,93336,14.0,Felix1
182,181,85320,97332,12.3,Felix1
183,182,102378,107400,4.7,Felix1
184,183,58998,76536,22.9,Felix1
185,184,101916,113736,10.4,Felix1
186,185,94992,104742,9.3,Felix1
187,186,88050,98220,10.4,Felix1
188,187,105108,108660,3.3,Felix1
189,188,108876,117342,7.2,Felix1
190,189,99732,106866,6.7,Felix1
191,190,62382,78228,20.3,Felix1
192,191,58560,73872,20.7,Felix1
193,192,88350,98712,10.5,Felix1
194,193,99714,102540,2.8,Felix1
195,194,104028,107070,2.8,Felix1
196,195,105750,115122,8.1,Felix1
197,196,72660,85116,14.6,Felix1
198,197,100110,112866,11.3,Felix1
199,198,105414,120000,12.2,Felix1
200,199,71514,81276,12.0,Felix1
201,200,88608,97836,9.4,Felix1
202,201,103542,107976,4.1,Felix1
203,202,105012,115452,9.0,Felix1
204,203,67752,80004,15.3,Felix1
205,204,95292,100944,5.6,Felix1
206,205,99102,109800,9.7,Felix1
207,206,98592,110742,11.0,Felix1
208,207,98832,119520,17.3,Felix1
209,208,93780,110652,15.2,Felix1
210,209,82632,86280,4.2,Felix1
211,210,104124,109122,4.6,Felix1
212,211,105396,111846,5.8,Felix1
213,212,78096,87516,10.8,Felix1
214,213,100296,108600,7.6,Felix1
215,214,84204,89664,6.1,Felix1
216,215,97836,115002,14.9,Felix1
217,216,51864,63972,18.9,Felix1
218,217,73548,82104,10.4,Felix1
219,218,90912,114828,20.8,Felix1
220,219,82536,93444,11.7,Felix1
221,220,79434,97062,18.2,Felix1
222,221,54090,76020,28.8,Felix1
223,222,78588,95112,17.4,Felix1
224,223,53778,74820,28.1,Felix1
225,224,93396,101130,7.6,Felix1
226,225,76686,93012,17.6,Felix1
227,226,39180,56184,30.3,Felix1
228,227,113136,120000,5.7,Felix1
229,228,78186,91188,14.3,Felix1
230,229,104106,109260,4.7,Felix1
231,230,85422,98370,13.2,Felix1
232,231,97362,102750,5.2,Felix1
233,232,88146,98334,10.4,Felix1
234,233,105084,112680,6.7,Felix1
235,234,104814,118788,11.8,Felix1
236,235,86244,97788,11.8,Felix1
237,236,109650,120000,8.6,Felix1
238,237,94764,99786,5.0,Felix1
239,238,100764,104880,3.9,Felix1
240,239,78030,87192,10.5,Felix1
241,240,106716,120000,11.1,Felix1
242,241,107238,114720,6.5,Felix1
243,242,74730,87156,14.3,Felix1
244,243,39054,50832,23.2,Felix1
245,244,98220,104088,5.6,Felix1
246,245,95454,102060,6.5,Felix1
247,246,77934,88212,11.7,Felix1
248,247,91074,102036,10.7,Felix1
249,248,88638,97788,9.4,Felix1
250,249,92130,98502,6.5,Felix1
251,250,101544,108564,6.5,Felix1
252,251,81882,89496,8.5,Felix1
253,252,93342,100224,6.9,Felix1
254,253,98706,109890,10.2,Felix1
255,254,85926,91248,5.8,Felix1
256,255,88212,99084,11.0,Felix1
257,256,105096,113094,7.1,Felix1
258,257,56646,73104,22.5,Felix1
259,258,103464,114600,9.7,Felix1
260,259,95178,99150,4.0,Felix1
261,260,95400,105036,9.2,Felix1
262,261,98904,111702,11.5,Felix1
263,262,89208,98484,9.4,Felix1
264,263,86238,95748,9.9,Felix1
265,264,92598,113196,18.2,Felix1
266,265,95370,99798,4.4,Felix1
267,266,91512,96912,5.6,Felix1
268,267,100938,107802,6.4,Felix1
269,268,96510,101178,4.6,Felix1
270,269,43908,53928,18.6,Felix1
271,270,68298,77784,12.2,Felix1
272,271,104760,120000,12.7,Felix1
273,272,87990,94920,7.3,Felix1
274,273,84456,92520,8.7,Felix1
275,274,83310,95772,13.0,Felix1
276,275,77856,87996,11.5,Felix1
277,276,101292,104304,2.9,Felix1
278,277,102576,112584,8.9,Felix1
279,278,63108,75336,16.2,Felix1
280,279,93444,101034,7.5,Felix1
281,280,90504,96936,6.6,Felix1
282,281,104316,120000,13.1,Felix1
283,282,88860,105042,15.4,Felix1
284,283,82656,87780,5.8,Felix1
285,284,91212,118392,23.0,Felix1
286,285,70080,77544,9.6,Felix1
287,286,110610,110610,0.0,Felix1
288,287,111282,116508,4.5,Felix1
289,288,110304,113790,3.1,Felix1
290,289,63360,81978,22.7,Felix1
291,290,96666,103032,6.2,Felix1
292,291,83802,96984,13.6,Felix1
293,292,102324,105132,2.7,Felix1
294,293,88128,98268,10.3,Felix1
295,294,97098,101688,4.5,Felix1
296,295,82836,95400,13.2,Felix1
297,296,72408,87564,17.3,Felix1
298,297,108810,116370,6.5,Felix1
299,298,71388,86448,17.4,Felix1
300,299,94446,98970,4.6,Felix1
301,300,104718,118218,11.4,Felix1
302,301,74898,88536,15.4,Felix1
303,302,70218,85608,18.0,Felix1
304,303,98532,102684,4.0,Felix1
305,304,104364,114438,8.8,Felix1
306,305,77118,87636,12.0,Felix1
307,306,100554,117048,14.1,Felix1
308,307,69360,83976,17.4,Felix1
309,308,81462,92040,11.5,Felix1
310,309,105000,111114,5.5,Felix1
311,310,50388,64272,21.6,Felix1
312,311,101082,112110,9.8,Felix1
313,312,104328,120000,13.1,Felix1
314,313,97824,114948,14.9,Felix1
315,314,105282,117660,10.5,Felix1
316,315,98436,101628,3.1,Felix1
317,316,104754,110250,5.0,Felix1
318,317,97002,102684,5.5,Felix1
319,318,99732,114810,13.1,Felix1
320,319,91122,99810,8.7,Felix1
321,320,95622,114042,16.2,Felix1
322,321,55668,67092,17.0,Felix1
323,322,101592,102618,1.0,Felix1
324,323,82008,91536,10.4,Felix1
325,324,104166,115032,9.4,Felix1
326,325,105282,120000,12.3,Felix1
327,326,54912,67368,18.5,Felix1
328,327,89340,98172,9.0,Felix1
329,328,90312,103320,12.6,Felix1
330,329,85326,91320,6.6,Felix1
331,330,89148,105888,15.8,Felix1
332,331,88422,97092,8.9,Felix1
333,332,100020,101208,1.2,Felix1
334,333,78738,87348,9.9,Felix1
335,334,51978,65592,20.8,Felix1
336,335,98964,109902,10.0,Felix1
337,336,93438,99216,5.8,Felix1
338,337,83538,86976,4.0,Felix1
339,338,89346,107322,16.7,Felix1
340,339,69924,77136,9.3,Felix1
341,340,62202,70944,12.3,Felix1
342,341,102246,107370,4.8,Felix1
343,342,95652,98340,2.7,Felix1
344,343,95670,98658,3.0,Felix1
345,344,101772,113292,10.2,Felix1
346,345,97278,108078,10.0,Felix1
347,346,93210,106404,12.4,Felix1
348,347,49470,58788,15.9,Felix1
349,348,94962,115140,17.5,Felix1
350,349,49800,57528,13.4,Felix1
351,350,83940,102036,17.7,Felix1
352,351,82098,104532,21.5,Felix1
353,352,87612,93492,6.3,Felix1
354,353,76488,85206,10.2,Felix1
355,354,101340,117990,14.1,Felix1
356,355,101400,110820,8.5,Felix1
357,356,57648,68664,16.0,Felix1
358,357,88932,92976,4.3,Felix1
359,358,93168,109386,14.8,Felix1
360,359,85944,90900,5.5,Felix1
361,360,91884,113652,19.2,Felix1
362,361,88992,115200,22.8,Felix1
363,362,80496,94404,14.7,Felix1
364,363,83640,112572,25.7,Felix1
365,364,77784,94824,18.0,Felix1
366,365,85962,98508,12.7,Felix1
367,366,109446,111240,1.6,Felix1
368,367,110136,115656,4.8,Felix1
369,368,78762,92664,15.0,Felix1
370,369,110340,120000,8.1,Felix1
371,370,108624,116016,6.4,Felix1
372,371,101862,104442,2.5,Felix1
373,372,83514,94416,11.5,Felix1
374,373,83214,92904,10.4,Felix1
375,374,106650,108648,1.8,Felix1
376,375,101442,103416,1.9,Felix1
377,376,101688,107376,5.3,Felix1
378,377,105426,115122,8.4,Felix1
379,378,108984,120000,9.2,Felix1
380,379,75768,89736,15.6,Felix1
381,380,59232,75396,21.4,Felix1
382,381,73548,86604,15.1,Felix1
383,382,95940,100212,4.3,Felix1
384,383,98448,105426,6.6,Felix1
385,384,93330,103404,9.7,Felix1
386,385,22644,30708,26.3,Felix1
387,386,93636,98424,4.9,Felix1
388,387,62616,76812,18.5,Felix1
389,388,59730,73860,19.1,Felix1
390,389,90924,97062,6.3,Felix1
391,390,91896,97080,5.3,Felix1
392,391,90708,99912,9.2,Felix1
393,392,51204,68064,24.8,Felix1
394,393,83658,93636,10.7,Felix1
395,394,105174,110328,4.7,Felix1
396,395,90294,95250,5.2,Felix1
397,396,89748,93852,4.4,Felix1
398,397,95244,106452,10.5,Felix1
399,398,97146,115902,16.2,Felix1
400,399,69030,78456,12.0,Felix1
401,400,102210,105810,3.4,Felix1
402,401,49002,62496,21.6,Felix1
403,402,99756,103458,3.6,Felix1
404,403,87996,94296,6.7,Felix1
405,404,94692,103890,8.9,Felix1
406,405,94044,107502,12.5,Felix1
407,406,92136,103962,11.4,Felix1
408,407,94668,112932,16.2,Felix1
409,408,84594,97884,13.6,Felix1
410,409,101514,104922,3.2,Felix1
411,410,99072,100176,1.1,Felix1
412,411,76248,84636,9.9,Felix1
413,412,78474,85488,8.2,Felix1
414,413,92562,98388,5.9,Felix1
415,414,64626,74556,13.3,Felix1
416,415,99186,120000,17.3,Felix1
417,416,91062,105936,14.0,Felix1
418,417,83076,87756,5.3,Felix1
419,418,87156,106062,17.8,Felix1
420,419,100914,101016,0.1,Felix1
421,420,41700,53304,21.8,Felix1
422,421,102024,117744,13.4,Felix1
423,422,95340,99636,4.3,Felix1
424,423,86982,89370,2.7,Felix1
425,424,98160,113976,13.9,Felix1
426,425,90672,100932,10.2,Felix1
427,426,86160,95580,9.9,Felix1
428,427,93804,118320,20.7,Felix1
429,428,83772,90672,7.6,Felix1
430,429,84186,104178,19.2,Felix1
431,430,48264,60168,19.8,Felix1
432,431,99966,102246,2.2,Felix1
433,432,100458,110496,9.1,Felix1
434,433,97074,104820,7.4,Felix1
435,434,100962,113790,11.3,Felix1
436,435,94608,106800,11.4,Felix1
437,436,88854,100638,11.7,Felix1
438,437,87354,101940,14.3,Felix1
439,438,89808,114972,21.9,Felix1
440,439,89952,117714,23.6,Felix1
441,440,82650,102552,19.4,Felix1
442,441,76992,82176,6.3,Felix1
443,442,98916,106374,7.0,Felix1
444,443,99612,116244,14.3,Felix1
445,444,95172,98064,2.9,Felix1
446,445,99996,109194,8.4,Felix1
447,446,98316,112758,12.8,Felix1
448,447,91644,101724,9.9,Felix1
449,448,90240,102894,12.3,Felix1
450,449,84624,98604,14.2,Felix1
451,450,87552,107694,18.7,Felix1
452,451,81636,96576,15.5,Felix1
453,452,84156,107904,22.0,Felix1
454,453,78804,95220,17.2,Felix1
455,454,77400,90912,14.9,Felix1
456,455,83406,97932,14.8,Felix1
457,456,72006,88596,18.7,Felix1
458,457,106152,107814,1.5,Felix1
459,458,88962,99132,10.3,Felix1
460,459,67116,83436,19.6,Felix1
461,460,93402,99558,6.2,Felix1
462,461,102096,104340,2.2,Felix1
463,462,109584,120000,8.7,Felix1
464,463,86724,95808,9.5,Felix1
465,464,40068,52992,24.4,Felix1
466,465,96426,101154,4.7,Felix1
467,466,103320,106698,3.2,Felix1
468,467,100464,102978,2.4,Felix1
469,468,87264,94314,7.5,Felix1
470,469,93528,98592,5.1,Felix1
471,470,105060,108156,2.9,Felix1
472,471,66132,80256,17.6,Felix1
473,472,106476,112626,5.5,Felix1
474,473,104778,111504,6.0,Felix1
475,474,99954,111858,10.6,Felix1
476,475,97638,109980,11.2,Felix1
477,476,104658,115230,9.2,Felix1
478,477,62544,77844,19.7,Felix1
479,478,81732,90732,9.9,Felix1
480,479,96060,100872,4.8,Felix1
481,480,64914,77124,15.8,Felix1
482,481,82242,86994,5.5,Felix1
483,482,98778,118602,16.7,Felix1
484,483,80556,91080,11.6,Felix1
485,484,92304,98532,6.3,Felix1
486,485,95574,99246,3.7,Felix1
487,486,100194,109158,8.2,Felix1
488,487,91614,95940,4.5,Felix1
489,488,98946,111402,11.2,Felix1
490,489,87420,92964,6.0,Felix1
491,490,84576,89448,5.4,Felix1
492,491,104184,118560,12.1,Felix1
493,492,91626,96972,5.5,Felix1
494,493,74010,83304,11.2,Felix1
495,494,103332,112734,8.3,Felix1
496,495,95640,103230,7.4,Felix1
497,496,91824,101628,9.6,Felix1
498,497,77346,83988,7.9,Felix1
499,498,85728,97704,12.3,Felix1
500,499,89418,108666,17.7,Felix1
501,500,101118,102666,1.5,Felix1
502,501,80640,89736,10.1,Felix1
503,502,57474,70632,18.6,Felix1
504,503,95178,103710,8.2,Felix1
505,504,74424,81828,9.0,Felix1
506,505,89472,99444,10.0,Felix1
507,506,90930,105084,13.5,Felix1
508,507,87084,94416,7.8,Felix1
509,508,91452,116064,21.2,Felix1
510,509,86352,108816,20.6,Felix1
511,510,65784,78336,16.0,Felix1
512,511,98436,99594,1.2,Felix1
513,512,103662,120000,13.6,Felix1
514,513,95070,103248,7.9,Felix1
515,514,87540,89040,1.7,Felix1
516,515,58674,69300,15.3,Felix1
517,516,29640,34140,13.2,Felix1
518,517,86304,96744,10.8,Felix1
519,518,91446,113934,19.7,Felix1
520,519,26808,29712,9.8,Felix1
521,520,80616,94296,14.5,Felix1
522,521,57732,72360,20.2,Felix1
523,522,86880,91152,4.7,Felix1
524,523,96804,98964,2.2,Felix1
525,524,97800,107382,8.9,Felix1
526,525,100752,114246,11.8,Felix1
527,526,94356,107754,12.4,Felix1
528,527,91326,106206,14.0,Felix1
529,528,85764,96792,11.4,Felix1
530,529,84744,100122,15.4,Felix1
531,530,88614,117150,24.4,Felix1
532,531,82698,99924,17.2,Felix1
533,532,83616,118770,29.6,Felix1
534,533,99204,113388,12.5,Felix1
535,534,99474,115314,13.7,Felix1
536,535,99276,110448,10.1,Felix1
537,536,94752,100614,5.8,Felix1
538,537,97656,105162,7.1,Felix1
539,538,91758,101076,9.2,Felix1
540,539,56376,64728,12.9,Felix1
541,540,91668,110838,17.3,Felix1
542,541,90348,108294,16.6,Felix1
543,542,32700,35652,8.3,Felix1
544,543,87126,113166,23.0,Felix1
545,544,78768,83412,5.6,Felix1
546,545,82314,116082,29.1,Felix1
547,546,98088,105444,7.0,Felix1
548,547,98880,103710,4.7,Felix1
549,548,98616,105702,6.7,Felix1
550,549,99336,114072,12.9,Felix1
551,550,66060,74832,11.7,Felix1
552,551,82368,84756,2.8,Felix1
553,552,95184,114378,16.8,Felix1
554,553,84888,96900,12.4,Felix1
555,554,93492,120000,22.1,Felix1
556,555,80124,88260,9.2,Felix1
557,556,79716,92340,13.7,Felix1
558,557,84312,120000,29.7,Felix1
559,558,76956,89364,13.9,Felix1
560,559,78672,120000,34.4,Felix1
561,560,108732,114918,5.4,Felix1
562,561,105114,106596,1.4,Felix1
563,562,64740,81240,20.3,Felix1
564,563,91344,99762,8.4,Felix1
565,564,104370,107256,2.7,Felix1
566,565,108816,115068,5.4,Felix1
567,566,106752,107796,1.0,Felix1
568,567,108732,118836,8.5,Felix1
569,568,90420,98412,8.1,Felix1
570,569,79158,88692,10.7,Felix1
571,570,40170,53436,24.8,Felix1
572,571,75798,88272,14.1,Felix1
573,572,99684,101640,1.9,Felix1
574,573,93744,98424,4.8,Felix1
575,574,45024,57912,22.3,Felix1
576,575,82302,92766,11.3,Felix1
577,576,94674,99192,4.6,Felix1
578,577,98904,102318,3.3,Felix1
579,578,96186,101754,5.5,Felix1
580,579,62484,75132,16.8,Felix1
581,580,70284,80964,13.2,Felix1
582,581,103596,109824,5.7,Felix1
583,582,88662,96768,8.4,Felix1
584,583,105084,110802,5.2,Felix1
585,584,105828,117036,9.6,Felix1
586,585,99786,108918,8.4,Felix1
587,586,90102,97548,7.6,Felix1
588,587,87882,95088,7.6,Felix1
589,588,102192,104124,1.9,Felix1
590,589,99618,102246,2.6,Felix1
591,590,105204,120000,12.3,Felix1
592,591,105138,119160,11.8,Felix1
593,592,94728,103380,8.4,Felix1
594,593,103704,118374,12.4,Felix1
595,594,83952,88104,4.7,Felix1
596,595,55518,65184,14.8,Felix1
597,596,101106,109692,7.8,Felix1
598,597,74574,83706,10.9,Felix1
599,598,97716,103464,5.6,Felix1
600,599,102648,115056,10.8,Felix1
601,600,60306,73716,18.2,Felix1
602,601,90354,96000,5.9,Felix1
603,602,88854,99042,10.3,Felix1
604,603,88098,96744,8.9,Felix1
605,604,51528,59520,13.4,Felix1
606,605,100590,106152,5.2,Felix1
607,606,101982,114762,11.1,Felix1
608,607,95676,97788,2.2,Felix1
609,608,67194,76536,12.2,Felix1
610,609,102306,116172,11.9,Felix1
611,610,89652,97638,8.2,Felix1
612,611,84942,86808,2.1,Felix1
613,612,93270,113580,17.9,Felix1
614,613,85794,100110,14.3,Felix1
615,614,82674,86610,4.5,Felix1
616,615,101322,118986,14.8,Felix1
617,616,65142,77076,15.5,Felix1
618,617,101460,120000,15.4,Felix1
619,618,100632,108444,7.2,Felix1
620,619,81096,85608,5.3,Felix1
621,620,91926,101148,9.1,Felix1
622,621,95490,116880,18.3,Felix1
623,622,65562,73536,10.8,Felix1
624,623,84120,90144,6.7,Felix1
625,624,85836,105606,18.7,Felix1
626,625,89544,117216,23.6,Felix1
627,626,70206,80328,12.6,Felix1
628,627,100752,119130,15.4,Felix1
629,628,101892,120000,15.1,Felix1
630,629,100026,111762,10.5,Felix1
631,630,96468,108582,11.2,Felix1
632,631,89796,100794,10.9,Felix1
633,632,100296,120000,16.4,Felix1
634,633,85740,98112,12.6,Felix1
635,634,87366,106656,18.1,Felix1
636,635,70350,75312,6.6,Felix1
637,636,84738,100584,15.8,Felix1
638,637,78966,82644,4.5,Felix1
639,638,98676,110892,11.0,Felix1
640,639,96744,98832,2.1,Felix1
641,640,96672,101646,4.9,Felix1
642,641,87456,90084,2.9,Felix1
643,642,86526,88584,2.3,Felix1
644,643,70764,77604,8.8,Felix1
645,644,91578,104556,12.4,Felix1
646,645,89508,106164,15.7,Felix1
647,646,17850,19488,8.4,Felix1
648,647,64590,69888,7.6,Felix1
649,648,83130,104688,20.6,Felix1
650,649,78966,89256,11.5,Felix1
651,650,80046,113526,29.5,Felix1
652,651,98040,109602,10.5,Felix1
653,652,97890,105354,7.1,Felix1
654,653,99270,120000,17.3,Felix1
655,654,98622,115170,14.4,Felix1
656,655,97212,107796,9.8,Felix1
657,656,90150,100398,10.2,Felix1
658,657,87738,102804,14.7,Felix1
659,658,90780,109506,17.1,Felix1
660,659,89184,110100,19.0,Felix1
661,660,84654,107106,21.0,Felix1
662,661,84528,109098,22.5,Felix1
663,662,82026,109530,25.1,Felix1
664,663,81600,120000,32.0,Felix1
665,664,74598,86064,13.3,Felix1
666,665,97200,108042,10.0,Felix1
667,666,94560,97986,3.5,Felix1
668,667,85464,87252,2.0,Felix1
669,668,97284,110166,11.7,Felix1
670,669,97620,120000,18.6,Felix1
671,670,97812,120000,18.5,Felix1
672,671,87804,100578,12.7,Felix1
673,672,90252,107814,16.3,Felix1
674,673,87684,105012,16.5,Felix1
675,674,81384,87480,7.0,Felix1
676,675,85176,111132,23.4,Felix1
677,676,49272,50664,2.7,Felix1
678,677,76104,94992,19.9,Felix1
679,678,75372,108018,30.2,Felix1
680,679,74064,98454,24.8,Felix1
1,0,85440,104022,17.9,Felix2
2,1,119250,120000,0.6,Felix2
3,2,90648,106080,14.5,Felix2
4,3,90972,105876,14.1,Felix2
5,4,118314,119376,0.9,Felix2
6,5,81414,100788,19.2,Felix2
7,6,50568,75588,33.1,Felix2
8,7,117780,120000,1.8,Felix2
9,8,72660,94128,22.8,Felix2
10,9,27144,41700,34.9,Felix2
11,10,60564,85524,29.2,Felix2
12,11,82626,100818,18.0,Felix2
13,12,78120,98676,20.8,Felix2
14,13,113730,114120,0.3,Felix2
15,14,106662,110724,3.7,Felix2
16,15,63534,86100,26.2,Felix2
17,16,114192,116262,1.8,Felix2
18,17,113700,117960,3.6,Felix2
19,18,112164,118188,5.1,Felix2
20,19,78144,95568,18.2,Felix2
21,20,84744,102180,17.1,Felix2
22,21,117702,120000,1.9,Felix2
23,22,58848,82092,28.3,Felix2
1,0,55860,82860,32.6,Felix2
2,1,98772,110112,10.3,Felix2
3,2,103956,111624,6.9,Felix2
4,3,67080,91344,26.6,Felix2
5,4,103254,111756,7.6,Felix2
6,5,105414,111702,5.6,Felix2
7,6,106836,111678,4.3,Felix2
8,7,113880,115188,1.1,Felix2
9,8,98544,108114,8.9,Felix2
10,9,120000,120000,0.0,Felix2
11,10,106890,112482,5.0,Felix2
12,11,115776,117756,1.7,Felix2
13,12,62190,85824,27.5,Felix2
14,13,79632,98202,18.9,Felix2
15,14,110664,113622,2.6,Felix2
16,15,51990,74520,30.2,Felix2
17,16,97356,106908,8.9,Felix2
18,17,47508,71256,33.3,Felix2
19,18,55368,77610,28.7,Felix2
20,19,105984,115188,8.0,Felix2
21,20,56460,81372,30.6,Felix2
22,21,111078,113016,1.7,Felix2
23,22,95154,105480,9.8,Felix2
24,23,89592,103746,13.6,Felix2
25,24,55134,77832,29.2,Felix2
26,25,49836,73152,31.9,Felix2
27,26,89970,103002,12.7,Felix2
28,27,92232,102204,9.8,Felix2
29,28,51558,74280,30.6,Felix2
30,29,60252,79788,24.5,Felix2
31,30,74568,93552,20.3,Felix2
32,31,94212,103734,9.2,Felix2
33,32,63972,82824,22.8,Felix2
34,33,101400,107460,5.6,Felix2
35,34,58296,77964,25.2,Felix2
36,35,70464,93840,24.9,Felix2
37,36,83508,100668,17.0,Felix2
38,37,90756,103104,12.0,Felix2
39,38,51480,75492,31.8,Felix2
40,39,78996,97542,19.0,Felix2
41,40,89100,101568,12.3,Felix2
42,41,93600,104244,10.2,Felix2
43,42,38112,54828,30.5,Felix2
44,43,109956,115338,4.7,Felix2
45,44,98370,104178,5.6,Felix2
46,45,106464,108678,2.0,Felix2
47,46,110700,114162,3.0,Felix2
48,47,85170,98490,13.5,Felix2
49,48,118278,120000,1.4,Felix2
50,49,102906,116004,11.3,Felix2
51,50,88392,101316,12.8,Felix2
52,51,111864,120000,6.8,Felix2
53,52,74052,90732,18.4,Felix2
54,53,93012,101202,8.1,Felix2
55,54,69192,82788,16.4,Felix2
56,55,95376,105702,9.8,Felix2
57,56,90252,103392,12.7,Felix2
58,57,67758,88824,23.7,Felix2
59,58,66330,86880,23.7,Felix2
60,59,112548,114348,1.6,Felix2
61,60,86994,100230,13.2,Felix2
62,61,90102,100014,9.9,Felix2
63,62,112182,115080,2.5,Felix2
64,63,83088,98766,15.9,Felix2
65,64,81054,97854,17.2,Felix2
66,65,82080,96648,15.1,Felix2
67,66,115296,120000,3.9,Felix2
68,67,87054,99258,12.3,Felix2
69,68,71610,90120,20.5,Felix2
70,69,109872,118626,7.4,Felix2
71,70,99276,108972,8.9,Felix2
72,71,105030,107274,2.1,Felix2
73,72,79680,93444,14.7,Felix2
74,73,76722,92016,16.6,Felix2
75,74,104022,113730,8.5,Felix2
76,75,93552,100194,6.6,Felix2
77,76,89754,97512,8.0,Felix2
78,77,84720,98142,13.7,Felix2
79,78,75876,91992,17.5,Felix2
80,79,83832,97242,13.8,Felix2
81,80,81480,94812,14.1,Felix2
82,81,105000,116604,10.0,Felix2
83,82,91608,98298,6.8,Felix2
84,83,94080,110064,14.5,Felix2
85,84,106272,110766,4.1,Felix2
86,85,75054,93720,19.9,Felix2
87,86,62148,83928,26.0,Felix2
88,87,91500,102516,10.7,Felix2
89,88,113868,117264,2.9,Felix2
90,89,58206,78132,25.5,Felix2
91,90,110502,114336,3.4,Felix2
92,91,105402,108690,3.0,Felix2
93,92,58608,78804,25.6,Felix2
94,93,84648,94644,10.6,Felix2
95,94,104220,107442,3.0,Felix2
96,95,83424,97596,14.5,Felix2
97,96,112104,119640,6.3,Felix2
98,97,78168,91788,14.8,Felix2
99,98,95982,104286,8.0,Felix2
100,99,108450,110970,2.3,Felix2
101,100,111942,120000,6.7,Felix2
102,101,73344,87720,16.4,Felix2
103,102,110742,120000,7.7,Felix2
104,103,96120,105822,9.2,Felix2
105,104,67140,80580,16.7,Felix2
106,105,108618,113688,4.5,Felix2
107,106,95076,100386,5.3,Felix2
108,107,112146,120000,6.5,Felix2
109,108,102774,111648,7.9,Felix2
110,109,97206,106608,8.8,Felix2
111,110,102576,117408,12.6,Felix2
112,111,81702,89136,8.3,Felix2
113,112,88428,99180,10.8,Felix2
114,113,108780,119640,9.1,Felix2
115,114,100680,106152,5.2,Felix2
116,115,105420,115572,8.8,Felix2
117,116,98724,111678,11.6,Felix2
118,117,101184,114762,11.8,Felix2
119,118,95244,107844,11.7,Felix2
120,119,86760,93948,7.7,Felix2
121,120,93720,104802,10.6,Felix2
122,121,78024,97140,19.7,Felix2
123,122,100140,106716,6.2,Felix2
124,123,110988,111828,0.8,Felix2
125,124,89340,100902,11.5,Felix2
126,125,47166,66444,29.0,Felix2
127,126,105954,107676,1.6,Felix2
128,127,61878,80652,23.3,Felix2
129,128,110970,116358,4.6,Felix2
130,129,78048,92568,15.7,Felix2
131,130,93288,101628,8.2,Felix2
132,131,108996,114744,5.0,Felix2
133,132,41622,56964,26.9,Felix2
134,133,43362,59568,27.2,Felix2
135,134,98448,107700,8.6,Felix2
136,135,52740,73404,28.2,Felix2
137,136,43860,62028,29.3,Felix2
138,137,76236,89136,14.5,Felix2
139,138,85092,95616,11.0,Felix2
140,139,107154,115032,6.8,Felix2
141,140,108768,120000,9.4,Felix2
142,141,97548,102402,4.7,Felix2
143,142,52476,71748,26.9,Felix2
144,143,69006,83904,17.8,Felix2
145,144,33558,44148,24.0,Felix2
146,145,100254,114240,12.2,Felix2
147,146,87030,95136,8.5,Felix2
148,147,95118,109374,13.0,Felix2
149,148,72288,88092,17.9,Felix2
150,149,29376,39444,25.5,Felix2
151,150,99528,102486,2.9,Felix2
152,151,96204,101334,5.1,Felix2
153,152,96624,105168,8.1,Felix2
154,153,89880,97566,7.9,Felix2
155,154,71826,82200,12.6,Felix2
156,155,85056,92388,7.9,Felix2
157,156,106236,115038,7.7,Felix2
158,157,106296,117894,9.8,Felix2
159,158,48852,63492,23.1,Felix2
160,159,108204,120000,9.8,Felix2
161,160,100284,114606,12.5,Felix2
162,161,84216,91110,7.6,Felix2
163,162,95988,111750,14.1,Felix2
164,163,97656,120000,18.6,Felix2
165,164,81312,87120,6.7,Felix2
166,165,98448,106176,7.3,Felix2
167,166,97536,104724,6.9,Felix2
168,167,95076,102870,7.6,Felix2
169,168,99348,105612,5.9,Felix2
170,169,64656,82896,22.0,Felix2
171,170,45474,65556,30.6,Felix2
172,171,71490,89292,19.9,Felix2
173,172,106788,109224,2.2,Felix2
174,173,102228,106536,4.0,Felix2
175,174,99246,104568,5.1,Felix2
176,175,69438,87372,20.5,Felix2
177,176,103398,105462,2.0,Felix2
178,177,109686,115824,5.3,Felix2
179,178,63666,79560,20.0,Felix2
180,179,67398,82272,18.1,Felix2
181,180,112692,120000,6.1,Felix2
182,181,89850,99096,9.3,Felix2
183,182,108156,115626,6.5,Felix2
184,183,98106,103680,5.4,Felix2
185,184,84666,94224,10.1,Felix2
186,185,97266,109236,11.0,Felix2
187,186,96258,102060,5.7,Felix2
188,187,60522,78504,22.9,Felix2
189,188,110178,120000,8.2,Felix2
190,189,75834,87480,13.3,Felix2
191,190,97740,107556,9.1,Felix2
192,191,94020,104796,10.3,Felix2
193,192,76698,86316,11.1,Felix2
194,193,99078,101904,2.8,Felix2
195,194,100620,102960,2.3,Felix2
196,195,109128,120000,9.1,Felix2
197,196,72396,86184,16.0,Felix2
198,197,87750,94932,7.6,Felix2
199,198,97764,113406,13.8,Felix2
200,199,93132,105138,11.4,Felix2
201,200,74562,82140,9.2,Felix2
202,201,61266,77292,20.7,Felix2
203,202,106956,120000,10.9,Felix2
204,203,97926,101088,3.1,Felix2
205,204,50838,63552,20.0,Felix2
206,205,52782,66636,20.8,Felix2
207,206,90756,97680,7.1,Felix2
208,207,49152,61212,19.7,Felix2
209,208,85962,92064,6.6,Felix2
210,209,102600,120000,14.5,Felix2
211,210,73140,88116,17.0,Felix2
212,211,102012,104454,2.3,Felix2
213,212,104376,115380,9.5,Felix2
214,213,98952,107232,7.7,Felix2
215,214,101856,116622,12.7,Felix2
216,215,92916,101862,8.8,Felix2
217,216,97716,120000,18.6,Felix2
218,217,77160,84348,8.5,Felix2
219,218,91284,110964,17.7,Felix2
220,219,89736,111024,19.2,Felix2
221,220,111504,117762,5.3,Felix2
222,221,67644,87444,22.6,Felix2
223,222,107502,111066,3.2,Felix2
224,223,97662,103458,5.6,Felix2
225,224,60036,78408,23.4,Felix2
226,225,86424,97644,11.5,Felix2
227,226,108426,111630,2.9,Felix2
228,227,70710,86928,18.7,Felix2
229,228,101700,105948,4.0,Felix2
230,229,32202,43764,26.4,Felix2
231,230,80910,95100,14.9,Felix2
232,231,79728,92316,13.6,Felix2
233,232,70290,84372,16.7,Felix2
234,233,88878,97062,8.4,Felix2
235,234,110856,120000,7.6,Felix2
236,235,83874,94920,11.6,Felix2
237,236,108000,115698,6.7,Felix2
238,237,52044,69624,25.2,Felix2
239,238,98712,102936,4.1,Felix2
240,239,81954,91644,10.6,Felix2
241,240,97944,105972,7.6,Felix2
242,241,86034,95616,10.0,Felix2
243,242,104886,108120,3.0,Felix2
244,243,97668,103074,5.2,Felix2
245,244,94824,99684,4.9,Felix2
246,245,91680,98322,6.8,Felix2
247,246,56862,71172,20.1,Felix2
248,247,92334,101826,9.3,Felix2
249,248,97848,101916,4.0,Felix2
250,249,101346,103152,1.8,Felix2
251,250,105288,109536,3.9,Felix2
252,251,93780,97704,4.0,Felix2
253,252,96642,103752,6.9,Felix2
254,253,57750,72060,19.9,Felix2
255,254,99936,115008,13.1,Felix2
256,255,89214,105132,15.1,Felix2
257,256,102150,103302,1.1,Felix2
258,257,103668,110466,6.2,Felix2
259,258,30600,39660,22.8,Felix2
260,259,101016,109854,8.0,Felix2
261,260,100266,110868,9.6,Felix2
262,261,49806,60516,17.7,Felix2
263,262,91998,105042,12.4,Felix2
264,263,90624,107994,16.1,Felix2
265,264,87078,104196,16.4,Felix2
266,265,105192,120000,12.3,Felix2
267,266,92412,97842,5.5,Felix2
268,267,54258,69084,21.5,Felix2
269,268,91668,96108,4.6,Felix2
270,269,94986,103446,8.2,Felix2
271,270,51984,63888,18.6,Felix2
272,271,98184,113244,13.3,Felix2
273,272,77724,85020,8.6,Felix2
274,273,87840,104634,16.1,Felix2
275,274,85782,111144,22.8,Felix2
276,275,81996,90060,9.0,Felix2
277,276,103356,120000,13.9,Felix2
278,277,96456,100002,3.5,Felix2
279,278,76308,85440,10.7,Felix2
280,279,95364,104280,8.6,Felix2
281,280,98124,112194,12.5,Felix2
282,281,86544,96252,10.1,Felix2
283,282,87132,97680,10.8,Felix2
284,283,86520,102798,15.8,Felix2
285,284,84816,99786,15.0,Felix2
286,285,82536,101940,19.0,Felix2
287,286,79062,96480,18.1,Felix2
288,287,110646,112284,1.5,Felix2
289,288,53298,74868,28.8,Felix2
290,289,63762,82476,22.7,Felix2
291,290,78702,93840,16.1,Felix2
292,291,109734,115284,4.8,Felix2
293,292,108300,111654,3.0,Felix2
294,293,92412,100002,7.6,Felix2
295,294,94146,100044,5.9,Felix2
296,295,68196,82734,17.6,Felix2
297,296,93984,101796,7.7,Felix2
298,297,108450,114084,4.9,Felix2
299,298,103152,108522,4.9,Felix2
300,299,98286,104472,5.9,Felix2
301,300,85944,95484,10.0,Felix2
302,301,66282,81720,18.9,Felix2
303,302,108252,116742,7.3,Felix2
304,303,100020,103878,3.7,Felix2
305,304,73566,86712,15.2,Felix2
306,305,100002,111006,9.9,Felix2
307,306,70620,81516,13.4,Felix2
308,307,60852,78000,22.0,Felix2
309,308,103404,104844,1.4,Felix2
310,309,48798,63120,22.7,Felix2
311,310,95934,101994,5.9,Felix2
312,311,93270,102852,9.3,Felix2
313,312,94134,104142,9.6,Felix2
314,313,97320,110760,12.1,Felix2
315,314,97344,101628,4.2,Felix2
316,315,100806,102612,1.8,Felix2
317,316,105486,113712,7.2,Felix2
318,317,101418,110382,8.1,Felix2
319,318,99858,107250,6.9,Felix2
320,319,106980,120000,10.8,Felix2
321,320,67512,77400,12.8,Felix2
322,321,95742,114018,16.0,Felix2
323,322,104370,108774,4.0,Felix2
324,323,103650,110820,6.5,Felix2
325,324,64206,77544,17.2,Felix2
326,325,68178,77814,12.4,Felix2
327,326,77286,85470,9.6,Felix2
328,327,84678,91092,7.0,Felix2
329,328,90540,101700,11.0,Felix2
330,329,91872,107658,14.7,Felix2
331,330,93078,118962,21.8,Felix2
332,331,100878,102444,1.5,Felix2
333,332,52146,67212,22.4,Felix2
334,333,101946,111528,8.6,Felix2
335,334,85848,92340,7.0,Felix2
336,335,98886,114018,13.3,Felix2
337,336,80124,84432,5.1,Felix2
338,337,88200,99252,11.1,Felix2
339,338,95394,116226,17.9,Felix2
340,339,89988,108342,16.9,Felix2
341,340,74148,79248,6.4,Felix2
342,341,86988,94458,7.9,Felix2
343,342,74454,84660,12.1,Felix2
344,343,101346,110898,8.6,Felix2
345,344,102984,115140,10.6,Felix2
346,345,19404,23424,17.2,Felix2
347,346,88536,92148,3.9,Felix2
348,347,93750,108708,13.8,Felix2
349,348,90240,107496,16.1,Felix2
350,349,85446,94224,9.3,Felix2
351,350,91482,120000,23.8,Felix2
352,351,82014,106806,23.2,Felix2
353,352,101448,116880,13.2,Felix2
354,353,101124,113394,10.8,Felix2
355,354,84444,89820,6.0,Felix2
356,355,78048,84408,7.5,Felix2
357,356,101940,120000,15.0,Felix2
358,357,100596,116412,13.6,Felix2
359,358,98244,120000,18.1,Felix2
360,359,52092,60048,13.2,Felix2
361,360,87060,107742,19.2,Felix2
362,361,84012,102186,17.8,Felix2
363,362,83100,107712,22.8,Felix2
364,363,82656,111114,25.6,Felix2
365,364,85236,99264,14.1,Felix2
366,365,105204,107982,2.6,Felix2
367,366,110046,113466,3.0,Felix2
368,367,110658,120000,7.8,Felix2
369,368,109434,115032,4.9,Felix2
370,369,104358,109182,4.4,Felix2
371,370,18984,26832,29.2,Felix2
372,371,77316,89424,13.5,Felix2
373,372,93822,99216,5.4,Felix2
374,373,77478,89724,13.6,Felix2
375,374,59574,77136,22.8,Felix2
376,375,106722,111072,3.9,Felix2
377,376,52530,71748,26.8,Felix2
378,377,108618,120000,9.5,Felix2
379,378,100014,109788,8.9,Felix2
380,379,44556,60312,26.1,Felix2
381,380,105210,107844,2.4,Felix2
382,381,95916,99126,3.2,Felix2
383,382,106434,117180,9.2,Felix2
384,383,95310,100650,5.3,Felix2
385,384,100548,116964,14.0,Felix2
386,385,84120,95664,12.1,Felix2
387,386,103680,106470,2.6,Felix2
388,387,95922,99360,3.5,Felix2
389,388,62658,76908,18.5,Felix2
390,389,75840,86316,12.1,Felix2
391,390,100248,113586,11.7,Felix2
392,391,104604,120000,12.8,Felix2
393,392,104544,107904,3.1,Felix2
394,393,105486,114768,8.1,Felix2
395,394,55848,71832,22.3,Felix2
396,395,88968,93912,5.3,Felix2
397,396,67068,77676,13.7,Felix2
398,397,105522,120000,12.1,Felix2
399,398,81678,87684,6.8,Felix2
400,399,57210,67536,15.3,Felix2
401,400,82590,92340,10.6,Felix2
402,401,103572,111948,7.5,Felix2
403,402,95232,98142,3.0,Felix2
404,403,104142,117144,11.1,Felix2
405,404,85074,90900,6.4,Felix2
406,405,88506,91980,3.8,Felix2
407,406,91212,102792,11.3,Felix2
408,407,94182,111024,15.2,Felix2
409,408,80814,84768,4.7,Felix2
410,409,90144,96600,6.7,Felix2
411,410,102234,105762,3.3,Felix2
412,411,101850,107142,4.9,Felix2
413,412,88422,93360,5.3,Felix2
414,413,69444,78120,11.1,Felix2
415,414,95790,106506,10.1,Felix2
416,415,27816,32520,14.5,Felix2
417,416,97908,113592,13.8,Felix2
418,417,94968,120000,20.9,Felix2
419,418,83484,97314,14.2,Felix2
420,419,103602,114474,9.5,Felix2
421,420,64980,77256,15.9,Felix2
422,421,96192,99168,3.0,Felix2
423,422,102336,113574,9.9,Felix2
424,423,94428,105126,10.2,Felix2
425,424,76014,83820,9.3,Felix2
426,425,82104,85518,4.0,Felix2
427,426,48180,54312,11.3,Felix2
428,427,90198,115578,22.0,Felix2
429,428,82818,98580,16.0,Felix2
430,429,80382,86640,7.2,Felix2
431,430,65790,78030,15.7,Felix2
432,431,100032,104058,3.9,Felix2
433,432,92610,95268,2.8,Felix2
434,433,102672,120000,14.4,Felix2
435,434,56616,65544,13.6,Felix2
436,435,95448,112530,15.2,Felix2
437,436,98262,116670,15.8,Felix2
438,437,79608,83550,4.7,Felix2
439,438,85260,106044,19.6,Felix2
440,439,87504,114792,23.8,Felix2
441,440,80610,96852,16.8,Felix2
442,441,82914,103746,20.1,Felix2
443,442,100044,101196,1.1,Felix2
444,443,90756,94260,3.7,Felix2
445,444,96336,99108,2.8,Felix2
446,445,74832,81456,8.1,Felix2
447,446,98880,110922,10.9,Felix2
448,447,97644,113586,14.0,Felix2
449,448,93084,107520,13.4,Felix2
450,449,88704,100380,11.6,Felix2
451,450,85692,102690,16.6,Felix2
452,451,32976,37392,11.8,Felix2
453,452,63360,68244,7.2,Felix2
454,453,80892,105522,23.3,Felix2
455,454,78696,107544,26.8,Felix2
456,455,101946,105804,3.6,Felix2
457,456,109668,118320,7.3,Felix2
458,457,57030,75576,24.5,Felix2
459,458,108018,108660,0.6,Felix2
460,459,81396,94116,13.5,Felix2
461,460,108186,115308,6.2,Felix2
462,461,107298,110760,3.1,Felix2
463,462,67038,83016,19.2,Felix2
464,463,103956,108606,4.3,Felix2
465,464,107736,115362,6.6,Felix2
466,465,88860,98064,9.4,Felix2
467,466,62112,78276,20.7,Felix2
468,467,91236,98082,7.0,Felix2
469,468,108900,120000,9.3,Felix2
470,469,102342,111486,8.2,Felix2
471,470,86160,96420,10.6,Felix2
472,471,102420,104328,1.8,Felix2
473,472,48132,61212,21.4,Felix2
474,473,101070,104730,3.5,Felix2
475,474,90318,94752,4.7,Felix2
476,475,97056,108738,10.7,Felix2
477,476,102144,103410,1.2,Felix2
478,477,60312,76140,20.8,Felix2
479,478,99948,103698,3.6,Felix2
480,479,82680,89064,7.2,Felix2
481,480,49650,62076,20.0,Felix2
482,481,85722,91776,6.6,Felix2
483,482,97296,111672,12.9,Felix2
484,483,89688,97404,7.9,Felix2
485,484,93096,98616,5.6,Felix2
486,485,104598,118236,11.5,Felix2
487,486,85578,91224,6.2,Felix2
488,487,101592,116196,12.6,Felix2
489,488,83292,88212,5.6,Felix2
490,489,98940,117438,15.8,Felix2
491,490,82260,86304,4.7,Felix2
492,491,103572,109566,5.5,Felix2
493,492,102462,108744,5.8,Felix2
494,493,102774,112578,8.7,Felix2
495,494,104880,120000,12.6,Felix2
496,495,104784,120000,12.7,Felix2
497,496,98976,112146,11.7,Felix2
498,497,90564,100512,9.9,Felix2
499,498,92232,110844,16.8,Felix2
500,499,81570,85404,4.5,Felix2
501,500,56706,72276,21.5,Felix2
502,501,97524,98952,1.4,Felix2
503,502,96696,101502,4.7,Felix2
504,503,48168,59124,18.5,Felix2
505,504,78186,84204,7.1,Felix2
506,505,104880,120000,12.6,Felix2
507,506,87276,100506,13.2,Felix2
508,507,97524,118452,17.7,Felix2
509,508,88998,112518,20.9,Felix2
510,509,84600,97020,12.8,Felix2
511,510,84564,90396,6.5,Felix2
512,511,102036,111636,8.6,Felix2
513,512,83586,89304,6.4,Felix2
514,513,100398,109086,8.0,Felix2
515,514,93198,100758,7.5,Felix2
516,515,88896,100164,11.2,Felix2
517,516,88614,96672,8.3,Felix2
518,517,91332,109542,16.6,Felix2
519,518,82212,89724,8.4,Felix2
520,519,81918,90432,9.4,Felix2
521,520,79548,94728,16.0,Felix2
522,521,100008,110460,9.5,Felix2
523,522,65088,76824,15.3,Felix2
524,523,76650,83484,8.2,Felix2
525,524,97332,104706,7.0,Felix2
526,525,90912,94872,4.2,Felix2
527,526,100158,120000,16.5,Felix2
528,527,91074,105264,13.5,Felix2
529,528,94932,113826,16.6,Felix2
530,529,85458,100194,14.7,Felix2
531,530,84666,101454,16.5,Felix2
532,531,83640,103674,19.3,Felix2
533,532,78858,89784,12.2,Felix2
534,533,100212,118302,15.3,Felix2
535,534,100506,120000,16.2,Felix2
536,535,99516,115452,13.8,Felix2
537,536,55626,66264,16.1,Felix2
538,537,92898,101670,8.6,Felix2
539,538,47964,55284,13.2,Felix2
540,539,90690,105312,13.9,Felix2
541,540,91254,111810,18.4,Felix2
542,541,72882,77364,5.8,Felix2
543,542,89052,120000,25.8,Felix2
544,543,80370,89124,9.8,Felix2
545,544,53958,57588,6.3,Felix2
546,545,79152,108756,27.2,Felix2
547,546,98580,106080,7.1,Felix2
548,547,98616,110700,10.9,Felix2
549,548,97284,101958,4.6,Felix2
550,549,69948,77316,9.5,Felix2
551,550,95340,107106,11.0,Felix2
552,551,61596,69768,11.7,Felix2
553,552,97416,120000,18.8,Felix2
554,553,84720,99756,15.1,Felix2
555,554,87756,107040,18.0,Felix2
556,555,85008,108558,21.7,Felix2
557,556,87828,120000,26.8,Felix2
558,557,80088,104724,23.5,Felix2
559,558,79764,115116,30.7,Felix2
560,559,78696,120000,34.4,Felix2
561,560,89004,99984,11.0,Felix2
562,561,84780,97416,13.0,Felix2
563,562,97542,102486,4.8,Felix2
564,563,108834,120000,9.3,Felix2
565,564,79806,91296,12.6,Felix2
566,565,91902,99102,7.3,Felix2
567,566,103986,104568,0.6,Felix2
568,567,108654,118560,8.4,Felix2
569,568,100362,103356,2.9,Felix2
570,569,96072,101208,5.1,Felix2
571,570,88452,97770,9.5,Felix2
572,571,77058,89376,13.8,Felix2
573,572,80598,90732,11.2,Felix2
574,573,84222,92604,9.1,Felix2
575,574,105150,115206,8.7,Felix2
576,575,67542,82080,17.7,Felix2
577,576,91242,98058,7.0,Felix2
578,577,100176,103158,2.9,Felix2
579,578,98178,103794,5.4,Felix2
580,579,98334,100998,2.6,Felix2
581,580,74142,83856,11.6,Felix2
582,581,103050,105708,2.5,Felix2
583,582,91020,97734,6.9,Felix2
584,583,100932,105876,4.7,Felix2
585,584,99798,106512,6.3,Felix2
586,585,97734,107940,9.5,Felix2
587,586,97572,111462,12.5,Felix2
588,587,96066,114156,15.8,Felix2
589,588,102384,104748,2.3,Felix2
590,589,101466,105396,3.7,Felix2
591,590,103956,113310,8.3,Felix2
592,591,96378,100830,4.4,Felix2
593,592,89730,93228,3.8,Felix2
594,593,97488,112086,13.0,Felix2
595,594,21318,26100,18.3,Felix2
596,595,84516,88032,4.0,Felix2
597,596,78954,88512,10.8,Felix2
598,597,97716,99864,2.2,Felix2
599,598,67812,79296,14.5,Felix2
600,599,95124,100674,5.5,Felix2
601,600,88080,91602,3.8,Felix2
602,601,87576,94104,6.9,Felix2
603,602,87732,94104,6.8,Felix2
604,603,88926,104556,14.9,Felix2
605,604,85464,98718,13.4,Felix2
606,605,100866,106596,5.4,Felix2
607,606,56256,69936,19.6,Felix2
608,607,69912,79464,12.0,Felix2
609,608,98880,107700,8.2,Felix2
610,609,79596,85512,6.9,Felix2
611,610,53016,63204,16.1,Felix2
612,611,97902,116436,15.9,Felix2
613,612,90510,107784,16.0,Felix2
614,613,91644,115932,21.0,Felix2
615,614,84372,101634,17.0,Felix2
616,615,100686,110730,9.1,Felix2
617,616,102150,120000,14.9,Felix2
618,617,98148,101022,2.8,Felix2
619,618,95412,100008,4.6,Felix2
620,619,91410,94800,3.6,Felix2
621,620,90588,101334,10.6,Felix2
622,621,87666,95700,8.4,Felix2
623,622,56910,65100,12.6,Felix2
624,623,85092,97020,12.3,Felix2
625,624,73308,76092,3.7,Felix2
626,625,83898,107640,22.1,Felix2
627,626,99990,115470,13.4,Felix2
628,627,73746,82740,10.9,Felix2
629,628,99600,106212,6.2,Felix2
630,629,91908,94764,3.0,Felix2
631,630,97830,108792,10.1,Felix2
632,631,100902,120000,15.9,Felix2
633,632,88104,93600,5.9,Felix2
634,633,89616,109830,18.4,Felix2
635,634,84306,100404,16.0,Felix2
636,635,81942,88740,7.7,Felix2
637,636,81798,94908,13.8,Felix2
638,637,78846,89268,11.7,Felix2
639,638,86400,90696,4.7,Felix2
640,639,92346,94560,2.3,Felix2
641,640,99036,108984,9.1,Felix2
642,641,52542,61152,14.1,Felix2
643,642,97464,109446,10.9,Felix2
644,643,75000,79848,6.1,Felix2
645,644,92712,104748,11.5,Felix2
646,645,85848,98076,12.5,Felix2
647,646,83100,89652,7.3,Felix2
648,647,82212,98064,16.2,Felix2
649,648,82122,99804,17.7,Felix2
650,649,81006,100824,19.7,Felix2
651,650,79548,110526,28.0,Felix2
652,651,98898,117888,16.1,Felix2
653,652,97950,109956,10.9,Felix2
654,653,98052,109458,10.4,Felix2
655,654,98718,116682,15.4,Felix2
656,655,91098,99558,8.5,Felix2
657,656,89958,98268,8.5,Felix2
658,657,70404,75972,7.3,Felix2
659,658,85266,89052,4.3,Felix2
660,659,82110,82620,0.6,Felix2
661,660,82692,99462,16.9,Felix2
662,661,85356,114246,25.3,Felix2
663,662,79350,94596,16.1,Felix2
664,663,81948,120000,31.7,Felix2
665,664,76620,108624,29.5,Felix2
666,665,97848,120000,18.5,Felix2
667,666,97512,120000,18.7,Felix2
668,667,97344,107454,9.4,Felix2
669,668,93600,100488,6.9,Felix2
670,669,88788,92610,4.1,Felix2
671,670,87348,89352,2.2,Felix2
672,671,87276,98622,11.5,Felix2
673,672,65124,71616,9.1,Felix2
674,673,81036,87540,7.4,Felix2
675,674,78792,79560,1.0,Felix2
676,675,80400,97764,17.8,Felix2
677,676,78000,99708,21.8,Felix2
678,677,61836,63288,2.3,Felix2
679,678,75960,102720,26.1,Felix2
680,679,73560,85716,14.2,Felix2
1,0,57960,84900,31.7,Felix3
2,1,94056,107862,12.8,Felix3
3,2,35952,56856,36.8,Felix3
4,3,77832,98412,20.9,Felix3
5,4,118692,120000,1.1,Felix3
6,5,69702,93780,25.7,Felix3
7,6,96936,107484,9.8,Felix3
8,7,102624,109908,6.6,Felix3
9,8,116220,119700,2.9,Felix3
10,9,110256,115020,4.1,Felix3
11,10,55548,81156,31.6,Felix3
12,11,95166,106782,10.9,Felix3
13,12,107598,111726,3.7,Felix3
14,13,119136,120000,0.7,Felix3
15,14,79206,98598,19.7,Felix3
16,15,59340,82008,27.6,Felix3
17,16,116112,120000,3.2,Felix3
18,17,93744,104868,10.6,Felix3
19,18,77040,94212,18.2,Felix3
20,19,93840,103458,9.3,Felix3
21,20,99282,108666,8.6,Felix3
22,21,44124,68352,35.4,Felix3
23,22,89916,102678,12.4,Felix3
24,23,62412,85356,26.9,Felix3
25,24,111288,113124,1.6,Felix3
26,25,92994,105114,11.5,Felix3
27,26,113982,117438,2.9,Felix3
28,27,81378,99156,17.9,Felix3
29,28,87852,101148,13.1,Felix3
30,29,110118,116796,5.7,Felix3
31,30,111372,115686,3.7,Felix3
32,31,115968,120000,3.4,Felix3
33,32,92088,101970,9.7,Felix3
34,33,112812,120000,6.0,Felix3
35,34,74136,88056,15.8,Felix3
36,35,117366,120000,2.2,Felix3
37,36,78936,98460,19.8,Felix3
38,37,84288,100494,16.1,Felix3
39,38,96018,105372,8.9,Felix3
40,39,70260,90576,22.4,Felix3
41,40,108006,110862,2.6,Felix3
42,41,44214,64788,31.8,Felix3
43,42,58524,77970,24.9,Felix3
44,43,91296,100656,9.3,Felix3
45,44,106896,112422,4.9,Felix3
46,45,110682,113940,2.9,Felix3
47,46,108576,111060,2.2,Felix3
48,47,110184,117036,5.9,Felix3
49,48,102732,111156,7.6,Felix3
50,49,60486,79050,23.5,Felix3
51,50,83040,97776,15.1,Felix3
52,51,97644,104622,6.7,Felix3
53,52,103848,107874,3.7,Felix3
54,53,100452,105324,4.6,Felix3
55,54,87660,97674,10.3,Felix3
56,55,101856,116874,12.8,Felix3
57,56,114732,120000,4.4,Felix3
58,57,114918,117978,2.6,Felix3
59,58,109530,112866,3.0,Felix3
60,59,97626,106242,8.1,Felix3
61,60,113562,117084,3.0,Felix3
62,61,67872,86856,21.9,Felix3
63,62,61200,82104,25.5,Felix3
64,63,98370,104808,6.1,Felix3
65,64,70458,86400,18.5,Felix3
66,65,58290,78972,26.2,Felix3
67,66,93264,102774,9.3,Felix3
68,67,76188,92856,18.0,Felix3
69,68,111630,120000,7.0,Felix3
70,69,110988,120000,7.5,Felix3
71,70,107796,117600,8.3,Felix3
72,71,108120,110748,2.4,Felix3
73,72,64722,82116,21.2,Felix3
74,73,97908,102750,4.7,Felix3
75,74,88278,98958,10.8,Felix3
76,75,102618,113544,9.6,Felix3
77,76,100734,116598,13.6,Felix3
78,77,105972,107268,1.2,Felix3
79,78,111960,120000,6.7,Felix3
80,79,47352,65508,27.7,Felix3
81,80,105972,113652,6.8,Felix3
82,81,105096,116466,9.8,Felix3
83,82,97752,106938,8.6,Felix3
84,83,69300,81564,15.0,Felix3
85,84,67806,88854,23.7,Felix3
86,85,105456,109518,3.7,Felix3
87,86,98754,105054,6.0,Felix3
88,87,90030,101658,11.4,Felix3
89,88,85626,99558,14.0,Felix3
90,89,102366,106800,4.2,Felix3
91,90,70188,88842,21.0,Felix3
92,91,71412,88092,18.9,Felix3
93,92,87870,98982,11.2,Felix3
94,93,90132,99654,9.6,Felix3
95,94,94974,105132,9.7,Felix3
96,95,70662,88032,19.7,Felix3
97,96,76464,90816,15.8,Felix3
98,97,107616,114846,6.3,Felix3
99,98,83358,94212,11.5,Felix3
100,99,82692,96996,14.7,Felix3
101,100,114696,120000,4.4,Felix3
102,101,55710,75756,26.5,Felix3
103,102,96498,101754,5.2,Felix3
104,103,102570,116220,11.7,Felix3
105,104,92868,100452,7.5,Felix3
106,105,106698,109836,2.9,Felix3
107,106,101496,104976,3.3,Felix3
108,107,110340,119610,7.8,Felix3
109,108,80892,92004,12.1,Felix3
110,109,104550,117108,10.7,Felix3
111,110,91170,101334,10.0,Felix3
112,111,84654,93864,9.8,Felix3
113,112,52620,72072,27.0,Felix3
114,113,104820,106986,2.0,Felix3
115,114,69816,85212,18.1,Felix3
116,115,97908,104892,6.7,Felix3
117,116,76464,88788,13.9,Felix3
118,117,94572,103986,9.1,Felix3
119,118,96792,113742,14.9,Felix3
120,119,80772,87396,7.6,Felix3
121,120,100992,107916,6.4,Felix3
122,121,68646,88800,22.7,Felix3
123,122,90186,101064,10.8,Felix3
124,123,76494,94632,19.2,Felix3
125,124,95208,103446,8.0,Felix3
126,125,52440,73740,28.9,Felix3
127,126,91614,102060,10.2,Felix3
128,127,70680,87840,19.5,Felix3
129,128,86280,98220,12.2,Felix3
130,129,108606,119220,8.9,Felix3
131,130,69060,86868,20.5,Felix3
132,131,98958,103536,4.4,Felix3
133,132,110268,116610,5.4,Felix3
134,133,76644,90228,15.1,Felix3
135,134,114852,120000,4.3,Felix3
136,135,107220,108096,0.8,Felix3
137,136,62298,80028,22.2,Felix3
138,137,86676,97680,11.3,Felix3
139,138,112908,120000,5.9,Felix3
140,139,81534,91476,10.9,Felix3
141,140,97350,108678,10.4,Felix3
142,141,107046,109260,2.0,Felix3
143,142,108558,119580,9.2,Felix3
144,143,47670,62568,23.8,Felix3
145,144,86436,94728,8.8,Felix3
146,145,80436,89370,10.0,Felix3
147,146,59850,73938,19.1,Felix3
148,147,99354,116598,14.8,Felix3
149,148,36204,48780,25.8,Felix3
150,149,87594,98334,10.9,Felix3
151,150,69990,84336,17.0,Felix3
152,151,96642,101028,4.3,Felix3
153,152,98448,110112,10.6,Felix3
154,153,107490,120000,10.4,Felix3
155,154,93594,105684,11.4,Felix3
156,155,68778,78846,12.8,Felix3
157,156,92772,99414,6.7,Felix3
158,157,81612,92916,12.2,Felix3
159,158,76500,88536,13.6,Felix3
160,159,79224,90300,12.3,Felix3
161,160,97320,104262,6.7,Felix3
162,161,103104,120000,14.1,Felix3
163,162,94344,112644,16.2,Felix3
164,163,92892,110304,15.8,Felix3
165,164,92376,115776,20.2,Felix3
166,165,84762,100050,15.3,Felix3
167,166,79518,96948,18.0,Felix3
168,167,98160,104298,5.9,Felix3
169,168,108606,109620,0.9,Felix3
170,169,106914,109446,2.3,Felix3
171,170,90348,100590,10.2,Felix3
172,171,98016,104058,5.8,Felix3
173,172,58968,78804,25.2,Felix3
174,173,70476,86088,18.1,Felix3
175,174,89922,98760,8.9,Felix3
176,175,108078,112602,4.0,Felix3
177,176,64212,81198,20.9,Felix3
178,177,98928,102078,3.1,Felix3
179,178,81942,94896,13.7,Felix3
180,179,104268,113592,8.2,Felix3
181,180,98382,102846,4.3,Felix3
182,181,104484,107520,2.8,Felix3
183,182,95592,100752,5.1,Felix3
184,183,82404,93336,11.7,Felix3
185,184,98076,107532,8.8,Felix3
186,185,101472,117438,13.6,Felix3
187,186,97986,102744,4.6,Felix3
188,187,107652,114780,6.2,Felix3
189,188,98232,101544,3.3,Felix3
190,189,90774,97656,7.0,Felix3
191,190,13542,17580,23.0,Felix3
192,191,87714,94596,7.3,Felix3
193,192,95520,111006,14.0,Felix3
194,193,68352,83976,18.6,Felix3
195,194,100458,102804,2.3,Felix3
196,195,101862,105732,3.7,Felix3
197,196,105888,115182,8.1,Felix3
198,197,102000,113130,9.8,Felix3
199,198,65244,78120,16.5,Felix3
200,199,52212,63936,18.3,Felix3
201,200,96936,112620,13.9,Felix3
202,201,80070,92352,13.3,Felix3
203,202,87840,96636,9.1,Felix3
204,203,102342,107052,4.4,Felix3
205,204,93024,98346,5.4,Felix3
206,205,93756,99786,6.0,Felix3
207,206,94602,103278,8.4,Felix3
208,207,87432,92592,5.6,Felix3
209,208,96036,113082,15.1,Felix3
210,209,60564,72276,16.2,Felix3
211,210,104088,112476,7.5,Felix3
212,211,79284,88608,10.5,Felix3
213,212,94632,98274,3.7,Felix3
214,213,106512,120000,11.2,Felix3
215,214,94584,102636,7.8,Felix3
216,215,96588,109428,11.7,Felix3
217,216,41280,50016,17.5,Felix3
218,217,98988,120000,17.5,Felix3
219,218,84144,94224,10.7,Felix3
220,219,82200,102714,20.0,Felix3
221,220,38670,56508,31.6,Felix3
222,221,78384,95088,17.6,Felix3
223,222,101592,106038,4.2,Felix3
224,223,111954,120000,6.7,Felix3
225,224,104178,106860,2.5,Felix3
226,225,94578,100800,6.2,Felix3
227,226,99294,103800,4.3,Felix3
228,227,110622,117576,5.9,Felix3
229,228,111534,120000,7.1,Felix3
230,229,105726,113082,6.5,Felix3
231,230,61812,80544,23.3,Felix3
232,231,107868,110484,2.4,Felix3
233,232,110748,120000,7.7,Felix3
234,233,106800,111468,4.2,Felix3
235,234,99102,110226,10.1,Felix3
236,235,55218,73992,25.4,Felix3
237,236,104208,107454,3.0,Felix3
238,237,63276,79164,20.1,Felix3
239,238,85698,94062,8.9,Felix3
240,239,105810,118866,11.0,Felix3
241,240,91758,103176,11.1,Felix3
242,241,108156,120000,9.9,Felix3
243,242,104832,109098,3.9,Felix3
244,243,49950,64920,23.1,Felix3
245,244,81732,92376,11.5,Felix3
246,245,97656,104580,6.6,Felix3
247,246,90486,96372,6.1,Felix3
248,247,95736,110376,13.3,Felix3
249,248,103398,106092,2.5,Felix3
250,249,106632,117810,9.5,Felix3
251,250,78192,89208,12.3,Felix3
252,251,105462,117198,10.0,Felix3
253,252,87876,94560,7.1,Felix3
254,253,88188,93696,5.9,Felix3
255,254,96750,114420,15.4,Felix3
256,255,88044,99846,11.8,Felix3
257,256,104850,118590,11.6,Felix3
258,257,70002,82710,15.4,Felix3
259,258,106110,120000,11.6,Felix3
260,259,96858,102954,5.9,Felix3
261,260,98772,111174,11.2,Felix3
262,261,99144,111870,11.4,Felix3
263,262,92586,100092,7.5,Felix3
264,263,67962,77856,12.7,Felix3
265,264,82308,87072,5.5,Felix3
266,265,102348,106866,4.2,Felix3
267,266,103008,107130,3.8,Felix3
268,267,99426,102822,3.3,Felix3
269,268,87870,92880,5.4,Felix3
270,269,70626,81108,12.9,Felix3
271,270,91788,103758,11.5,Felix3
272,271,88104,100758,12.6,Felix3
273,272,88434,103872,14.9,Felix3
274,273,94980,120000,20.8,Felix3
275,274,82218,86724,5.2,Felix3
276,275,102312,104526,2.1,Felix3
277,276,103020,113892,9.5,Felix3
278,277,89496,93708,4.5,Felix3
279,278,94848,98172,3.4,Felix3
280,279,98952,109038,9.2,Felix3
281,280,98304,113130,13.1,Felix3
282,281,93456,107826,13.3,Felix3
283,282,40536,46716,13.2,Felix3
284,283,88740,104652,15.2,Felix3
285,284,71832,77604,7.4,Felix3
286,285,81432,96852,15.9,Felix3
287,286,27654,40368,31.5,Felix3
288,287,112140,120000,6.6,Felix3
289,288,72420,89592,19.2,Felix3
290,289,84216,98028,14.1,Felix3
291,290,68496,84732,19.2,Felix3
292,291,78510,92976,15.6,Felix3
293,292,67146,83586,19.7,Felix3
294,293,111348,120000,7.2,Felix3
295,294,91992,99330,7.4,Felix3
296,295,111744,120000,6.9,Felix3
297,296,49104,67572,27.3,Felix3
298,297,48906,66216,26.1,Felix3
299,298,97194,101352,4.1,Felix3
300,299,105180,115674,9.1,Felix3
301,300,69624,82572,15.7,Felix3
302,301,108678,119160,8.8,Felix3
303,302,108384,117774,8.0,Felix3
304,303,59340,75408,21.3,Felix3
305,304,100416,106500,5.7,Felix3
306,305,106878,117282,8.9,Felix3
307,306,93216,103404,9.9,Felix3
308,307,94272,99630,5.4,Felix3
309,308,36528,49008,25.5,Felix3
310,309,100542,104232,3.5,Felix3
311,310,79356,89124,11.0,Felix3
312,311,92328,98178,6.0,Felix3
313,312,68688,79470,13.6,Felix3
314,313,83790,90660,7.6,Felix3
315,314,92724,99408,6.7,Felix3
316,315,82746,91764,9.8,Felix3
317,316,27306,36276,24.7,Felix3
318,317,74046,83724,11.6,Felix3
319,318,95058,102768,7.5,Felix3
320,319,90000,96996,7.2,Felix3
321,320,92820,107880,14.0,Felix3
322,321,98556,120000,17.9,Felix3
323,322,103524,111972,7.5,Felix3
324,323,70872,82896,14.5,Felix3
325,324,100758,106182,5.1,Felix3
326,325,97908,108630,9.9,Felix3
327,326,50442,63108,20.1,Felix3
328,327,96900,108048,10.3,Felix3
329,328,45522,55752,18.3,Felix3
330,329,94698,116658,18.8,Felix3
331,330,93252,119034,21.7,Felix3
332,331,103062,110856,7.0,Felix3
333,332,103848,112896,8.0,Felix3
334,333,66870,79008,15.4,Felix3
335,334,78960,87168,9.4,Felix3
336,335,94968,105294,9.8,Felix3
337,336,99426,113094,12.1,Felix3
338,337,91908,104502,12.1,Felix3
339,338,51798,60348,14.2,Felix3
340,339,88164,98670,10.6,Felix3
341,340,84408,99834,15.5,Felix3
342,341,101760,112056,9.2,Felix3
343,342,73332,83880,12.6,Felix3
344,343,101580,107742,5.7,Felix3
345,344,102720,117102,12.3,Felix3
346,345,102228,115416,11.4,Felix3
347,346,96804,106656,9.2,Felix3
348,347,90948,97488,6.7,Felix3
349,348,85980,95172,9.7,Felix3
350,349,96180,120000,19.9,Felix3
351,350,88428,110682,20.1,Felix3
352,351,78006,81612,4.4,Felix3
353,352,100632,103398,2.7,Felix3
354,353,59376,73248,18.9,Felix3
355,354,101112,110952,8.9,Felix3
356,355,62964,74484,15.5,Felix3
357,356,91560,97692,6.3,Felix3
358,357,95892,108816,11.9,Felix3
359,358,93960,112656,16.6,Felix3
360,359,93804,113316,17.2,Felix3
361,360,82464,92724,11.1,Felix3
362,361,87816,114870,23.6,Felix3
363,362,89724,117186,23.4,Felix3
364,363,79368,86856,8.6,Felix3
365,364,100734,106314,5.2,Felix3
366,365,94284,102732,8.2,Felix3
367,366,109056,110088,0.9,Felix3
368,367,91794,100950,9.1,Felix3
369,368,54444,74400,26.8,Felix3
370,369,103512,107718,3.9,Felix3
371,370,86184,97536,11.6,Felix3
372,371,108606,114774,5.4,Felix3
373,372,100692,104544,3.7,Felix3
374,373,61176,77832,21.4,Felix3
375,374,84804,96732,12.3,Felix3
376,375,62130,80016,22.4,Felix3
377,376,72324,86544,16.4,Felix3
378,377,77004,88542,13.0,Felix3
379,378,78540,87192,9.9,Felix3
380,379,106320,111984,5.1,Felix3
381,380,106950,113952,6.1,Felix3
382,381,68994,81984,15.8,Felix3
383,382,77484,86634,10.6,Felix3
384,383,101118,113418,10.8,Felix3
385,384,74742,84456,11.5,Felix3
386,385,74046,86280,14.2,Felix3
387,386,76350,87696,12.9,Felix3
388,387,92232,97680,5.6,Felix3
389,388,82530,91392,9.7,Felix3
390,389,96168,102498,6.2,Felix3
391,390,98022,112428,12.8,Felix3
392,391,90708,100560,9.8,Felix3
393,392,104358,110574,5.6,Felix3
394,393,102078,105648,3.4,Felix3
395,394,73056,84354,13.4,Felix3
396,395,93204,98850,5.7,Felix3
397,396,103092,117216,12.0,Felix3
398,397,92046,99210,7.2,Felix3
399,398,90492,98820,8.4,Felix3
400,399,90234,100854,10.5,Felix3
401,400,103620,108012,4.1,Felix3
402,401,102420,105684,3.1,Felix3
403,402,105330,120000,12.2,Felix3
404,403,93336,98016,4.8,Felix3
405,404,95136,104262,8.8,Felix3
406,405,82992,88212,5.9,Felix3
407,406,80592,86724,7.1,Felix3
408,407,91506,109182,16.2,Felix3
409,408,84870,97032,12.5,Felix3
410,409,46590,59016,21.1,Felix3
411,410,97392,99450,2.1,Felix3
412,411,92304,95784,3.6,Felix3
413,412,96882,103440,6.3,Felix3
414,413,99246,113406,12.5,Felix3
415,414,53736,62904,14.6,Felix3
416,415,88704,96720,8.3,Felix3
417,416,91260,106332,14.2,Felix3
418,417,87234,105018,16.9,Felix3
419,418,83556,102756,18.7,Felix3
420,419,76956,86964,11.5,Felix3
421,420,93750,97068,3.4,Felix3
422,421,97614,100134,2.5,Felix3
423,422,94806,97668,2.9,Felix3
424,423,102756,117210,12.3,Felix3
425,424,84060,87408,3.8,Felix3
426,425,86700,89754,3.4,Felix3
427,426,88980,100248,11.2,Felix3
428,427,93132,112806,17.4,Felix3
429,428,87636,109632,20.1,Felix3
430,429,83154,107244,22.5,Felix3
431,430,101034,109434,7.7,Felix3
432,431,101232,110286,8.2,Felix3
433,432,94860,98820,4.0,Felix3
434,433,101424,118200,14.2,Felix3
435,434,93906,102756,8.6,Felix3
436,435,91680,98880,7.3,Felix3
437,436,89628,104508,14.2,Felix3
438,437,75678,80400,5.9,Felix3
439,438,91470,114546,20.1,Felix3
440,439,83868,103944,19.3,Felix3
441,440,79806,87168,8.4,Felix3
442,441,79272,100032,20.8,Felix3
443,442,59568,73416,18.9,Felix3
444,443,97368,98706,1.4,Felix3
445,444,100692,106674,5.6,Felix3
446,445,55704,65616,15.1,Felix3
447,446,73392,80424,8.7,Felix3
448,447,93084,104934,11.3,Felix3
449,448,77088,81420,5.3,Felix3
450,449,86424,98424,12.2,Felix3
451,450,89580,114846,22.0,Felix3
452,451,83412,104556,20.2,Felix3
453,452,78768,84468,6.7,Felix3
454,453,84408,116880,27.8,Felix3
455,454,72588,74508,2.6,Felix3
456,455,71358,88752,19.6,Felix3
457,456,109056,113538,3.9,Felix3
458,457,103998,105366,1.3,Felix3
459,458,109890,118740,7.5,Felix3
460,459,80886,94188,14.1,Felix3
461,460,97482,100896,3.4,Felix3
462,461,108114,113268,4.6,Felix3
463,462,49506,66996,26.1,Felix3
464,463,30996,40500,23.5,Felix3
465,464,99318,107058,7.2,Felix3
466,465,71262,85620,16.8,Felix3
467,466,100416,103260,2.8,Felix3
468,467,80706,92244,12.5,Felix3
469,468,75612,87192,13.3,Felix3
470,469,104094,115122,9.6,Felix3
471,470,73122,87420,16.4,Felix3
472,471,105384,109668,3.9,Felix3
473,472,64812,79416,18.4,Felix3
474,473,75672,85620,11.6,Felix3
475,474,99336,107838,7.9,Felix3
476,475,98694,114492,13.8,Felix3
477,476,75738,87528,13.5,Felix3
478,477,105492,118650,11.1,Felix3
479,478,88458,94470,6.4,Felix3
480,479,100530,109518,8.2,Felix3
481,480,69660,79848,12.8,Felix3
482,481,100506,114288,12.1,Felix3
483,482,99702,118248,15.7,Felix3
484,483,93684,99102,5.5,Felix3
485,484,103794,113322,8.4,Felix3
486,485,92076,97710,5.8,Felix3
487,486,93438,101370,7.8,Felix3
488,487,77118,85680,10.0,Felix3
489,488,61866,73824,16.2,Felix3
490,489,94470,107304,12.0,Felix3
491,490,87546,102498,14.6,Felix3
492,491,101376,101454,0.1,Felix3
493,492,101598,106098,4.2,Felix3
494,493,102624,106506,3.6,Felix3
495,494,93366,96900,3.6,Felix3
496,495,99480,114066,12.8,Felix3
497,496,68268,78084,12.6,Felix3
498,497,77904,83772,7.0,Felix3
499,498,88152,103740,15.0,Felix3
500,499,88776,109890,19.2,Felix3
501,500,101718,108576,6.3,Felix3
502,501,101148,111894,9.6,Felix3
503,502,82116,88764,7.5,Felix3
504,503,92838,97794,5.1,Felix3
505,504,93114,101778,8.5,Felix3
506,505,89340,100152,10.8,Felix3
507,506,94908,112836,15.9,Felix3
508,507,92940,113472,18.1,Felix3
509,508,84378,99678,15.3,Felix3
510,509,84798,103740,18.3,Felix3
511,510,45372,57252,20.8,Felix3
512,511,97680,98868,1.2,Felix3
513,512,94134,98442,4.4,Felix3
514,513,68472,78240,12.5,Felix3
515,514,98670,109470,9.9,Felix3
516,515,87912,92328,4.8,Felix3
517,516,95508,107820,11.4,Felix3
518,517,95328,115866,17.7,Felix3
519,518,82590,92376,10.6,Felix3
520,519,84000,99816,15.8,Felix3
521,520,84540,108804,22.3,Felix3
522,521,99408,100932,1.5,Felix3
523,522,69198,79068,12.5,Felix3
524,523,100350,108612,7.6,Felix3
525,524,77454,82320,5.9,Felix3
526,525,94290,103968,9.3,Felix3
527,526,70170,77496,9.5,Felix3
528,527,56202,63444,11.4,Felix3
529,528,99522,120000,17.1,Felix3
530,529,83526,89040,6.2,Felix3
531,530,90774,115728,21.6,Felix3
532,531,83310,106698,21.9,Felix3
533,532,83658,109002,23.3,Felix3
534,533,85266,90744,6.0,Felix3
535,534,96732,99078,2.4,Felix3
536,535,95580,99156,3.6,Felix3
537,536,71232,78648,9.4,Felix3
538,537,61230,69792,12.3,Felix3
539,538,92880,106140,12.5,Felix3
540,539,63312,72252,12.4,Felix3
541,540,89484,105558,15.2,Felix3
542,541,88266,111708,21.0,Felix3
543,542,82314,92868,11.4,Felix3
544,543,80100,83598,4.2,Felix3
545,544,44910,47712,5.9,Felix3
546,545,77520,86064,9.9,Felix3
547,546,97920,99276,1.4,Felix3
548,547,54240,63828,15.0,Felix3
549,548,98316,106884,8.0,Felix3
550,549,70728,77832,9.1,Felix3
551,550,94368,101808,7.3,Felix3
552,551,98412,113424,13.2,Felix3
553,552,89712,101418,11.5,Felix3
554,553,88452,102276,13.5,Felix3
555,554,84084,100194,16.1,Felix3
556,555,87456,112878,22.5,Felix3
557,556,82716,102762,19.5,Felix3
558,557,81624,110730,26.3,Felix3
559,558,78960,110616,28.6,Felix3
560,559,77592,114834,32.4,Felix3
561,560,32862,46308,29.0,Felix3
562,561,107424,107424,0.0,Felix3
563,562,60336,78012,22.7,Felix3
564,563,108906,120000,9.2,Felix3
565,564,107832,110160,2.1,Felix3
566,565,98340,102006,3.6,Felix3
567,566,98250,102402,4.1,Felix3
568,567,106548,109284,2.5,Felix3
569,568,104736,111606,6.2,Felix3
570,569,76824,87216,11.9,Felix3
571,570,104892,107292,2.2,Felix3
572,571,59604,76368,22.0,Felix3
573,572,64944,79896,18.7,Felix3
574,573,105456,117852,10.5,Felix3
575,574,49278,60816,19.0,Felix3
576,575,100260,101886,1.6,Felix3
577,576,99516,100944,1.4,Felix3
578,577,104922,112140,6.4,Felix3
579,578,96540,101454,4.8,Felix3
580,579,107964,120000,10.0,Felix3
581,580,87558,92022,4.9,Felix3
582,581,33444,43416,23.0,Felix3
583,582,99918,101712,1.8,Felix3
584,583,41184,52236,21.2,Felix3
585,584,92538,98730,6.3,Felix3
586,585,47874,57948,17.4,Felix3
587,586,78726,85668,8.1,Felix3
588,587,98928,115434,14.3,Felix3
589,588,103884,107568,3.4,Felix3
590,589,102072,104388,2.2,Felix3
591,590,96384,100488,4.1,Felix3
592,591,101880,109722,7.1,Felix3
593,592,98088,107178,8.5,Felix3
594,593,88122,92760,5.0,Felix3
595,594,74634,81396,8.3,Felix3
596,595,78828,82824,4.8,Felix3
597,596,104238,116076,10.2,Felix3
598,597,100464,100998,0.5,Felix3
599,598,99228,104934,5.4,Felix3
600,599,103998,120000,13.3,Felix3
601,600,97446,105672,7.8,Felix3
602,601,95724,110658,13.5,Felix3
603,602,94878,105996,10.5,Felix3
604,603,85452,95496,10.5,Felix3
605,604,92280,118908,22.4,Felix3
606,605,83202,90912,8.5,Felix3
607,606,91230,94728,3.7,Felix3
608,607,61506,75264,18.3,Felix3
609,608,96150,101232,5.0,Felix3
610,609,50976,60036,15.1,Felix3
611,610,88776,100332,11.5,Felix3
612,611,95532,111078,14.0,Felix3
613,612,90132,106584,15.4,Felix3
614,613,87828,107412,18.2,Felix3
615,614,85692,104226,17.8,Felix3
616,615,96780,98340,1.6,Felix3
617,616,101424,119700,15.3,Felix3
618,617,54036,65376,17.3,Felix3
619,618,98910,107472,8.0,Felix3
620,619,90498,98646,8.3,Felix3
621,620,90924,101178,10.1,Felix3
622,621,95712,110934,13.7,Felix3
623,622,87498,104658,16.4,Felix3
624,623,75180,79152,5.0,Felix3
625,624,82818,91920,9.9,Felix3
626,625,82218,101934,19.3,Felix3
627,626,99402,102636,3.2,Felix3
628,627,82692,88560,6.6,Felix3
629,628,99114,106794,7.2,Felix3
630,629,100848,118734,15.1,Felix3
631,630,87210,88788,1.8,Felix3
632,631,87684,89868,2.4,Felix3
633,632,79224,81660,3.0,Felix3
634,633,101628,120000,15.3,Felix3
635,634,85074,99090,14.1,Felix3
636,635,82980,101514,18.3,Felix3
637,636,48432,52968,8.6,Felix3
638,637,79764,102714,22.3,Felix3
639,638,80592,87264,7.6,Felix3
640,639,83820,88248,5.0,Felix3
641,640,99726,113688,12.3,Felix3
642,641,96696,101898,5.1,Felix3
643,642,97242,108618,10.5,Felix3
644,643,91626,101256,9.5,Felix3
645,644,91470,106212,13.9,Felix3
646,645,88518,103788,14.7,Felix3
647,646,92172,115170,20.0,Felix3
648,647,78240,79512,1.6,Felix3
649,648,84420,108666,22.3,Felix3
650,649,85200,120000,29.0,Felix3
651,650,62154,64692,3.9,Felix3
652,651,86070,90072,4.4,Felix3
653,652,98034,109608,10.6,Felix3
654,653,98220,109440,10.3,Felix3
655,654,88050,89160,1.2,Felix3
656,655,95502,109770,13.0,Felix3
657,656,97176,110328,11.9,Felix3
658,657,87954,96972,9.3,Felix3
659,658,83838,84888,1.2,Felix3
660,659,69462,74022,6.2,Felix3
661,660,80364,83544,3.8,Felix3
662,661,79548,89112,10.7,Felix3
663,662,41610,43500,4.3,Felix3
664,663,78090,110880,29.6,Felix3
665,664,77310,112488,31.3,Felix3
666,665,84732,88368,4.1,Felix3
667,666,97152,104256,6.8,Felix3
668,667,96348,102828,6.3,Felix3
669,668,91632,97152,5.7,Felix3
670,669,97488,115680,15.7,Felix3
671,670,96096,107454,10.6,Felix3
672,671,88920,102234,13.0,Felix3
673,672,87696,107664,18.5,Felix3
674,673,89112,106530,16.4,Felix3
675,674,80388,88524,9.2,Felix3
676,675,84672,107784,21.4,Felix3
677,676,78348,98178,20.2,Felix3
678,677,81024,118140,31.4,Felix3
679,678,77244,113358,31.9,Felix3
680,679,73272,78240,6.3,Felix3
