comboID,dif_Felix1,dif_Felix2,dif_Felix3,dif_Felix4,dif_Felix5,mean,median,range,std_dev
0,18.36,25.25,31.7,1.2,21.0,19.502000000000002,20.251,30.5,9.446163876523785
1,25.619999999999997,5.45,12.8,7.2,26.6,15.534,14.167000000000002,21.150000000000002,7.873577103878153
2,4.6,10.7,36.8,26.6,0.2,15.779999999999998,13.239999999999998,36.599999999999994,13.890398533828012
3,15.86,20.35,20.9,16.3,1.0,14.882,16.08,19.9,6.364838411146036
4,16.740000000000002,4.25,1.1,17.5,6.2,9.158000000000001,7.679,16.4,6.271565808984912
5,23.6,12.399999999999999,25.7,2.6,8.8,14.62,13.509999999999998,23.099999999999998,8.044882024350281
6,21.06,18.7,9.8,23.2,33.0,21.152,21.106,23.2,6.360070748708022
7,14.0,1.4500000000000002,6.6,17.3,3.8,8.629999999999999,7.614999999999999,15.850000000000001,5.748961047441529
8,14.780000000000001,15.850000000000001,2.9,2.7,23.0,11.846,13.313,20.3,7.30998578144992
9,15.479999999999999,17.45,4.1,5.6,22.3,12.986,14.233,18.200000000000003,6.209838505779127
10,5.6000000000000005,17.1,31.6,26.0,32.4,22.540000000000003,24.270000000000003,26.799999999999997,8.65602587383907
11,15.9,9.85,10.9,28.4,17.9,16.589999999999996,16.244999999999997,18.549999999999997,5.645562060782154
12,2.733333333333333,24.15,3.7,20.5,2.1,10.636666666666667,7.168333333333333,22.049999999999997,9.240851522189864
13,18.599999999999998,9.6,0.7,5.8,29.4,12.819999999999999,11.209999999999999,28.7,10.310607488684374
14,28.7,3.1500000000000004,19.7,33.6,6.1,18.25,18.975,30.450000000000003,11.026226344979243
15,20.866666666666667,28.2,27.6,12.2,,22.216666666666665,22.216666666666665,16.0,5.774406449261243
16,9.799999999999999,5.3500000000000005,3.2,2.6,21.7,8.53,6.9399999999999995,19.099999999999998,7.100512556951685
17,14.9,18.45,10.6,31.2,22.1,19.45,18.95,20.6,5.935723418421717
18,7.2,16.9,18.2,21.4,3.5,13.439999999999998,15.169999999999998,17.9,6.021710572112023
19,12.633333333333333,13.1,9.3,22.3,12.4,13.946666666666667,12.866666666666667,13.0,3.7369336381414398
20,18.900000000000002,23.85,8.6,17.1,33.0,20.29,19.595,24.4,6.958030785410071
21,20.133333333333336,1.7999999999999998,35.4,0.1,1.3,11.746666666666666,6.773333333333333,35.3,14.686591201198155
22,12.0,19.05,12.4,34.1,25.0,20.51,19.78,22.1,7.052259516333351
23,25.55,13.6,26.9,22.8,,22.2125,22.8,13.299999999999999,5.439192402194947
24,15.25,29.2,1.6,15.1,20.9,16.410000000000004,15.830000000000002,27.599999999999998,8.599194210589069
25,4.6,31.9,11.5,16.2,6.5,14.14,12.82,27.299999999999997,9.512524075434147
26,30.1,12.7,2.9,3.5,3.9,10.62,7.26,27.200000000000003,10.71439585657673
27,11.0,9.8,17.9,14.3,3.5,11.3,11.15,14.399999999999999,4.2136629382454
28,19.4,30.6,13.1,14.2,6.5,16.759999999999998,15.479999999999999,24.1,7.315888287048363
29,16.8,24.5,5.7,7.2,4.0,11.64,9.42,20.5,7.3996988355704625
30,6.8,20.3,3.7,12.1,3.4,9.26,8.03,16.900000000000002,6.047413703394204
31,21.9,9.2,3.4,3.8,3.5,8.36,6.08,18.5,7.104802701593579
32,5.3,22.8,9.7,4.5,29.1,14.280000000000001,11.99,24.6,9.205389628597246
33,15.9,5.6,6.0,7.0,6.6,8.22,6.8,10.3,3.4053812457009025
34,12.0,25.2,15.8,13.8,20.9,17.54,16.67,13.2,4.373156550397631
35,19.3,24.9,2.2,25.6,0.0,14.4,16.85,25.6,10.170350376742892
36,7.6,17.0,19.8,22.0,5.0,14.280000000000001,15.64,17.0,5.798709215974584
37,25.9,12.0,16.1,2.7,30.1,17.360000000000003,16.730000000000004,27.400000000000002,9.028541944459091
38,19.0,31.8,8.9,22.2,17.9,19.959999999999997,19.479999999999997,22.9,6.333691656530179
39,1.1,19.0,22.4,3.5,13.5,11.9,12.7,21.299999999999997,7.804897729722573
40,14.1,12.3,2.6,13.9,2.7,9.120000000000001,10.71,11.5,4.593635154055166
41,10.8,10.2,31.8,31.7,3.0,17.5,14.15,28.8,10.990724579649617
42,2.4,30.5,24.9,3.4,29.3,18.1,21.5,28.1,11.193971591888198
43,8.8,4.7,9.3,4.2,5.1,6.42,5.76,5.1000000000000005,1.9002236710450695
44,5.2,5.6,4.9,27.6,28.2,14.3,9.95,23.299999999999997,10.100775695106645
45,19.6,2.0,2.9,0.6,12.4,7.5,5.2,19.0,7.525195773438153
46,3.4,3.0,2.2,5.0,7.1,4.140000000000001,3.7700000000000005,4.8999999999999995,1.5027350065796696
47,4.4,13.5,5.9,13.0,13.1,9.98,11.49,9.1,3.4233001516915555
48,16.2,1.4,7.6,5.8,14.5,9.1,8.35,14.799999999999999,5.0988750510003955
49,8.4,11.3,23.5,7.4,28.0,15.719999999999999,13.51,20.6,7.382173387869688
50,26.2,12.8,15.1,18.0,15.1,17.439999999999998,16.27,13.399999999999999,4.205939465293608
51,2.6,6.8,6.7,5.6,29.2,10.180000000000001,6.75,26.599999999999998,10.17010175184384
52,3.7,18.4,3.7,9.1,18.8,10.74,9.92,15.100000000000001,5.898759554831361
53,7.3,8.1,4.6,13.7,4.4,7.62,7.46,9.299999999999999,2.9117299717816256
54,9.1,16.4,10.3,8.8,25.2,13.959999999999999,12.129999999999999,16.4,5.41410838853981
55,16.1,9.8,12.8,23.0,10.7,14.48,13.64,13.2,4.070980927772287
56,12.7,12.7,4.4,18.4,34.5,16.54,14.62,30.1,9.809003153080482
57,9.2,23.7,2.6,27.3,4.8,13.52,11.36,24.7,9.463885867564429
58,12.7,23.7,3.0,22.9,23.3,17.119999999999997,20.009999999999998,20.7,7.068480211474033
59,24.8,1.6,8.1,20.6,9.6,12.940000000000001,11.27,23.2,8.11827732870184
60,1.7,13.2,3.0,31.1,3.9,10.58,7.24,29.400000000000002,11.614413459146355
61,24.4,9.9,21.9,12.7,17.5,17.279999999999998,17.39,14.499999999999998,4.696159335031127
62,14.1,2.5,25.5,29.2,17.8,17.82,17.810000000000002,26.7,8.502502887805615
63,31.4,15.9,6.1,3.0,30.0,17.28,16.59,28.4,10.707276481106534
64,6.5,17.2,18.5,6.0,21.2,13.88,15.54,15.2,5.423440526350145
65,6.7,15.1,26.2,7.5,5.8,12.26,9.879999999999999,20.4,7.225636897286534
66,18.3,3.9,9.3,6.2,13.1,10.16,9.73,14.4,4.580392801309263
67,2.6,12.3,18.0,18.7,2.8,10.879999999999999,11.59,16.099999999999998,6.222825351650394
68,4.6,20.5,7.0,4.5,22.4,11.8,9.4,17.9,7.146215282031661
69,16.5,7.4,7.5,15.8,15.5,12.540000000000001,14.02,9.1,3.787871622504045
70,9.2,8.9,8.3,10.3,8.8,9.1,9.0,2.0,2.5679341335567227
71,29.1,2.1,2.4,9.5,3.6,9.34,6.47,27.0,10.801993780911799
72,22.1,14.7,21.2,10.2,2.6,14.16,14.43,19.5,6.401634696365788
73,20.1,16.6,4.7,5.6,4.0,10.200000000000001,7.9,16.1,6.179459060930357
74,5.4,8.5,10.8,20.4,10.7,11.16,10.75,14.999999999999998,4.462784004568064
75,18.2,6.6,9.6,12.8,9.6,11.360000000000001,10.48,11.6,3.348620184920521
76,6.6,8.0,13.6,12.1,7.1,9.48,8.74,7.0,2.5464246643929154
77,4.1,13.7,1.2,3.7,12.5,7.039999999999999,5.569999999999999,12.5,4.751758884876209
78,19.7,17.5,6.7,3.1,22.5,13.9,15.7,19.4,6.717447963539215
79,26.8,13.8,27.7,3.3,25.5,19.419999999999998,22.46,24.4,8.25858817059118
80,8.7,14.1,6.8,6.5,26.1,12.44,10.57,19.6,6.779132766912636
81,7.8,10.0,9.8,10.5,6.8,8.98,9.39,3.7,2.2440361437119756
82,12.2,6.8,8.6,7.6,13.3,9.7,9.149999999999999,6.500000000000001,2.450209539144415
83,10.3,14.5,15.0,12.3,7.7,11.959999999999999,12.129999999999999,7.3,2.826822736875145
84,17.8,4.1,23.7,0.0,5.6,10.239999999999998,7.919999999999999,23.7,9.05107373267314
85,7.8,19.9,3.7,26.4,1.5,11.86,9.83,24.9,9.452603477349507
86,1.5,26.0,6.0,10.5,20.4,12.88,11.690000000000001,24.5,8.734417860232178
87,4.1,10.7,11.4,22.4,22.4,14.2,12.8,18.299999999999997,6.261432401159155
88,4.7,2.9,14.0,6.0,20.6,9.64,7.82,17.700000000000003,6.38772036242754
89,27.4,25.5,4.2,10.6,6.1,14.76,12.68,23.2,8.859504984559157
90,18.9,3.4,21.0,3.1,16.5,12.58,14.54,17.9,6.822936108660049
91,3.3,3.0,18.9,4.0,12.6,8.36,6.18,15.899999999999999,6.099470703031768
92,20.6,25.6,11.2,4.9,4.8,13.420000000000002,12.31,20.8,7.582973290772652
93,12.0,10.6,9.6,7.8,19.5,11.9,11.25,11.7,3.4211983593889603
94,2.0,3.0,9.7,30.8,2.1,9.52,6.26,28.8,11.69403969061651
95,6.4,14.5,19.7,14.1,3.4,11.62,12.86,16.3,5.259103671593803
96,15.4,6.3,15.8,13.9,8.2,11.919999999999998,12.91,9.5,3.4452635706762083
97,9.9,14.8,6.3,6.8,14.1,10.38,10.14,8.5,3.072881383978236
98,6.6,8.0,11.5,11.3,5.9,8.66,8.33,5.6,2.2477921707438044
99,1.8,2.3,14.7,5.9,18.6,8.66,7.28,16.8,6.468205756953448
100,27.7,6.7,4.4,15.1,24.1,15.6,15.35,23.299999999999997,8.245991991784337
101,17.2,16.4,26.5,4.7,22.4,17.439999999999998,17.32,21.8,6.402106796092317
102,7.4,7.7,5.2,4.9,26.0,10.24,7.550000000000001,21.1,7.870778573758943
103,20.2,9.2,11.7,6.9,10.5,11.7,11.1,13.299999999999999,3.8872502216495253
104,12.3,16.7,7.5,23.8,14.2,14.9,14.55,16.3,4.573287150086124
105,2.7,4.5,2.9,5.1,19.5,6.94,4.8,16.8,6.499905493818463
106,17.5,5.3,3.3,15.2,2.7,8.8,7.050000000000001,14.8,5.771415863670592
107,3.7,6.5,7.8,6.3,15.8,8.02,7.15,12.100000000000001,3.791405459343917
108,6.6,7.9,12.1,10.2,8.2,9.0,8.6,5.5,2.0413143524979893
109,25.4,8.8,10.7,8.0,9.0,12.38,9.85,17.4,5.935297411010071
110,6.4,12.6,10.0,11.2,20.2,12.080000000000002,11.64,13.799999999999999,3.9008277509853135
111,11.2,8.3,9.8,17.8,23.0,14.02,12.61,14.7,4.717624818547086
112,2.7,10.8,27.0,15.3,9.7,13.1,11.95,24.3,7.902957741974113
113,10.2,9.1,2.0,26.0,4.1,10.28,9.649999999999999,24.0,8.639484008236339
114,5.3,5.2,18.1,8.6,24.0,12.24,10.42,18.8,6.836347709120712
115,10.2,8.8,6.7,20.5,7.1,10.66,9.5,13.8,4.465217159972658
116,7.7,11.6,13.9,5.3,6.1,8.92,8.31,8.600000000000001,2.800367004009092
117,11.4,11.8,9.1,9.7,6.6,9.72,9.71,5.200000000000001,2.2403248329523238
118,8.1,11.7,14.9,8.3,15.4,11.68,11.69,7.300000000000001,3.0529935543425477
119,11.4,7.7,7.6,10.1,12.3,9.820000000000002,9.96,4.700000000000001,2.4284607117619648
120,10.8,10.6,6.4,5.5,33.3,13.319999999999999,10.7,27.799999999999997,10.148471735755514
121,3.7,19.7,22.7,8.5,24.1,15.739999999999998,17.72,20.400000000000002,7.086373241248708
122,23.1,6.2,10.8,10.7,3.7,10.9,10.75,19.400000000000002,6.396172823315071
123,20.1,0.8,19.2,31.3,18.2,17.92,18.7,30.5,9.374293116207292
124,3.3,11.5,8.0,17.3,16.0,11.22,11.36,14.0,4.46686531185861
125,10.7,29.0,28.9,3.6,4.9,15.419999999999998,13.059999999999999,25.4,10.258793788745342
126,2.7,1.6,10.2,16.8,10.6,8.379999999999999,9.29,15.200000000000001,5.308206416214695
127,2.9,23.3,19.5,5.9,4.7,11.260000000000002,8.580000000000002,20.400000000000002,7.928407784669
128,5.1,4.6,12.2,4.3,3.7,5.9799999999999995,4.85,8.5,2.8479011695332006
129,17.7,15.7,8.9,14.6,5.4,12.459999999999999,13.53,12.299999999999999,3.8935658922307783
130,2.5,8.2,20.5,31.0,2.8,13.0,10.6,28.5,10.968388018040104
131,7.1,5.0,4.4,28.5,13.2,11.64,9.370000000000001,24.1,8.874014935271891
132,4.1,26.9,5.4,3.7,5.1,9.040000000000001,5.25,23.2,9.274385520653878
133,6.1,27.2,15.1,10.5,13.0,14.38,13.690000000000001,21.1,6.452877403586271
134,8.9,8.6,4.3,9.7,8.1,7.92,8.35,5.3999999999999995,1.8407020205811229
135,1.8,28.2,0.8,4.2,16.1,10.22,7.210000000000001,27.4,10.90767676913833
136,17.1,29.3,22.2,15.8,,21.1,21.1,13.5,5.196931328976287
137,26.4,14.5,11.3,14.1,18.0,16.86,15.68,15.099999999999998,4.4692848581017
138,11.5,11.0,5.9,19.3,8.0,11.14,11.07,13.4,3.9381828206130085
139,9.1,6.8,10.9,12.2,10.6,9.92,10.26,5.3999999999999995,2.2484899694811054
140,11.4,9.4,10.4,24.2,12.6,13.6,12.0,14.799999999999999,4.630026226399031
141,1.9,4.7,2.0,23.6,13.4,9.120000000000001,6.91,21.700000000000003,8.451934584122485
142,8.6,26.9,9.2,8.0,10.0,12.540000000000001,9.6,18.9,6.628759310760951
143,6.7,17.8,23.8,14.8,24.2,17.46,17.630000000000003,17.5,5.459159897430583
144,22.5,24.0,8.8,7.6,7.8,14.14,11.47,16.4,6.445457841434872
145,15.9,12.2,10.0,22.3,9.0,13.88,13.04,13.3,4.0963040832996205
146,13.3,8.5,19.1,5.9,10.5,11.46,10.98,13.200000000000001,3.880566048547925
147,7.3,13.0,14.8,11.2,11.8,11.62,11.71,7.500000000000001,2.5590284847407005
148,6.2,17.9,25.8,13.5,3.0,13.280000000000001,13.39,22.8,7.681130752881189
149,3.0,25.5,10.9,2.2,5.8,9.48,7.640000000000001,23.3,8.812539361614222
150,5.8,2.9,17.0,4.0,8.9,7.720000000000001,6.76,14.1,4.872986030879101
151,6.5,5.1,4.3,7.2,5.6,5.739999999999999,5.67,2.9000000000000004,1.3214703661344163
152,11.3,8.1,10.6,25.5,5.7,12.24,10.95,19.8,6.472089389944222
153,10.0,7.9,10.4,9.2,13.5,10.2,10.1,5.6,2.257329332260961
154,17.0,12.6,11.4,15.1,9.7,13.16,12.879999999999999,7.300000000000001,3.0141938036088995
155,12.0,7.9,12.8,12.5,9.1,10.860000000000001,11.43,4.9,2.721002638209463
156,16.2,7.7,6.7,2.4,8.9,8.379999999999999,8.04,13.799999999999999,4.2549836326695445
157,6.4,9.8,12.2,4.9,4.8,7.62,7.01,7.3999999999999995,2.4756640523302025
158,18.3,23.1,13.6,15.6,11.4,16.400000000000002,16.0,11.700000000000001,3.7980963276733406
159,6.6,9.8,12.3,4.5,10.2,8.680000000000001,9.240000000000002,7.800000000000001,2.3767685144810744
160,14.6,12.5,6.7,14.6,12.8,12.24,12.65,7.8999999999999995,2.910205871460937
161,9.2,7.6,14.1,10.3,11.7,10.580000000000002,10.440000000000001,6.5,2.3588117468638434
162,12.3,14.1,16.2,10.4,14.1,13.419999999999998,13.759999999999998,5.799999999999999,3.175423481319348
163,14.0,18.6,15.8,8.8,18.3,15.1,15.45,9.8,3.5663043596578077
164,8.1,6.7,20.2,20.3,17.4,14.539999999999997,15.969999999999999,13.600000000000001,5.060074639483379
165,3.4,7.3,15.3,7.7,4.5,7.640000000000001,7.470000000000001,11.9,3.830656182133067
166,15.6,6.9,18.0,31.5,19.0,18.2,18.1,24.6,7.05112706289873
167,2.9,7.6,5.9,5.0,1.9,4.659999999999999,4.83,5.699999999999999,1.7703707238880788
168,21.5,5.9,0.9,27.5,30.8,17.32,19.41,29.900000000000002,10.94513190875286
169,10.5,22.0,2.3,10.1,14.7,11.919999999999998,11.209999999999999,19.7,6.117800579339884
170,3.5,30.6,10.2,5.4,27.2,15.379999999999999,12.79,27.1,10.505609980930595
171,4.0,19.9,5.8,1.2,16.1,9.4,7.6,18.7,7.042714066932679
172,28.1,2.2,25.2,29.2,16.5,20.240000000000002,22.72,27.0,8.842008498396407
173,3.6,4.0,18.1,15.4,6.3,9.48,7.890000000000001,14.500000000000002,5.481473830745054
174,13.2,5.1,8.9,28.4,6.3,12.379999999999999,10.64,23.299999999999997,8.203901075533691
175,0.8,20.5,4.0,7.0,20.6,10.58,8.79,19.8,7.854751860225393
176,5.4,2.0,20.9,2.6,20.5,10.28,7.84,18.9,7.964850908836901
177,4.5,5.3,3.1,4.6,6.7,4.84,4.72,3.6,1.0818502669038816
178,18.0,20.0,13.7,16.3,7.9,15.180000000000001,15.740000000000002,12.1,3.7154926610458694
179,16.1,18.1,8.2,21.7,9.0,14.620000000000001,15.360000000000001,13.5,4.456326962869758
180,14.0,6.1,4.3,1.7,1.5,5.5200000000000005,4.91,12.5,4.60602691357437
181,12.3,9.3,2.8,13.6,27.5,13.1,12.7,24.7,7.998392695678659
182,4.7,6.5,5.1,7.6,12.2,7.219999999999999,6.859999999999999,7.499999999999999,2.2839564669356425
183,22.9,5.4,11.7,10.8,13.2,12.8,12.25,17.5,5.104335517129392
184,10.4,10.1,8.8,6.8,9.4,9.1,9.25,3.6000000000000005,2.2314213119508763
185,9.3,11.0,13.6,23.5,9.2,13.319999999999999,12.16,14.3,4.54391193953907
186,10.4,5.7,4.6,6.2,0.5,5.48,5.59,9.9,3.1014141359800926
187,3.3,22.9,6.2,5.3,3.3,8.2,5.75,19.599999999999998,7.582589903381109
188,7.2,8.2,3.3,12.9,4.9,7.3,7.25,9.600000000000001,2.8933343962583082
189,6.7,13.3,7.0,7.4,22.1,11.3,9.350000000000001,15.400000000000002,5.285217761428028
190,20.3,9.1,23.0,9.7,7.2,13.86,11.78,15.8,5.573144149785265
191,20.7,10.3,7.3,8.6,12.0,11.78,11.04,13.399999999999999,4.054331017566276
192,10.5,11.1,14.0,7.9,13.6,11.42,11.26,6.1,2.6544356408526033
193,2.8,2.8,18.6,3.3,15.9,8.680000000000001,5.99,15.8,6.591177951300836
194,2.8,2.3,2.3,12.5,1.5,4.279999999999999,2.55,11.0,4.315533198309831
195,8.1,9.1,3.7,9.3,6.4,7.32,7.71,5.6000000000000005,1.8722556106014399
196,14.6,16.0,8.1,6.6,9.0,10.860000000000001,9.93,9.4,3.2052298223818076
197,11.3,7.6,9.8,9.3,9.7,9.540000000000001,9.620000000000001,3.700000000000001,2.2983472322519067
198,12.2,13.8,16.5,11.0,14.0,13.5,13.65,5.5,3.2425670496427013
199,12.0,11.4,18.3,14.7,10.8,13.440000000000001,12.72,7.5,3.132081690231868
200,9.4,9.2,13.9,17.4,13.9,12.76,13.33,8.2,3.098858948986592
201,4.1,20.7,13.3,20.5,13.0,14.319999999999999,13.809999999999999,16.6,5.226237208273545
202,9.0,10.9,9.1,4.4,12.0,9.08,9.09,7.6,2.2573178616604768
203,15.3,3.1,4.4,5.7,22.0,10.1,7.9,18.9,7.033948291779559
204,5.6,20.0,5.4,7.6,6.9,9.1,7.25,14.6,5.124830136557838
205,9.7,20.8,6.0,11.3,4.6,10.48,10.09,16.200000000000003,5.233782946260901
206,11.0,7.1,8.4,12.4,12.4,10.26,10.629999999999999,5.300000000000001,2.542692259903158
207,17.3,19.7,5.6,18.3,7.3,13.64,15.47,14.1,5.0649635099517605
208,15.2,6.6,15.1,8.0,15.2,12.02,13.559999999999999,8.6,3.5631887805327245
209,4.2,14.5,16.2,14.8,19.6,13.860000000000003,14.65,15.400000000000002,4.397224571087021
210,4.6,17.0,7.5,23.4,17.2,13.940000000000001,15.47,18.799999999999997,6.083331881930681
211,5.8,2.3,10.5,8.6,12.6,7.960000000000001,8.280000000000001,10.3,3.157430012797479
212,10.8,9.5,3.7,7.1,6.2,7.460000000000001,7.28,7.1000000000000005,2.1144925091918796
213,7.6,7.7,11.2,5.4,6.2,7.62,7.609999999999999,5.799999999999999,1.7992811064422365
214,6.1,12.7,7.8,10.1,8.8,9.1,8.95,6.6,2.074838634000933
215,14.9,8.8,11.7,5.5,11.7,10.520000000000001,11.11,9.4,2.717545833494415
216,18.9,18.6,17.5,7.2,12.2,14.88,16.19,11.7,4.042972518545517
217,10.4,8.5,17.5,14.9,19.4,14.139999999999997,14.52,10.899999999999999,3.6830024630533633
218,20.8,17.7,10.7,8.1,12.7,14.0,13.35,12.700000000000001,3.9452899133016834
219,11.7,19.2,20.0,13.6,21.9,17.28,18.240000000000002,10.2,4.199901359385889
220,18.2,5.3,31.6,10.8,13.3,15.84,14.57,26.3,8.429196602117123
221,28.8,22.6,17.6,6.5,30.6,21.22,21.91,24.1,7.409505357502426
222,17.4,3.2,4.2,2.3,3.4,6.1,3.8,15.099999999999998,5.881189748438903
223,28.1,5.6,6.7,5.3,27.5,14.64,10.67,22.8,9.700544811651413
224,7.6,23.4,2.5,10.3,2.5,9.26,8.43,20.9,7.715878688041396
225,17.6,11.5,6.2,4.2,7.8,9.46,8.63,13.400000000000002,4.250638397430942
226,30.3,2.9,4.3,24.5,18.2,16.04,17.119999999999997,27.400000000000002,10.006739157759064
227,5.7,18.7,5.9,2.7,6.6,7.92,6.25,16.0,5.569653586303961
228,14.3,4.0,7.1,26.8,27.7,15.98,15.14,23.7,8.734293658578563
229,4.7,26.4,6.5,13.1,10.2,12.179999999999998,11.189999999999998,21.7,7.345585530487973
230,13.2,14.9,23.3,17.7,6.2,15.060000000000002,14.98,17.1,4.78897245167031
231,5.2,13.6,2.4,4.2,1.8,5.4399999999999995,4.7,11.799999999999999,4.271519468693613
232,10.4,16.7,7.7,12.9,6.0,10.74,10.57,10.7,3.2079585742783077
233,6.7,8.4,4.2,14.7,17.8,10.36,9.379999999999999,13.600000000000001,4.475194329379931
234,11.8,7.6,10.1,6.5,12.5,9.7,9.899999999999999,6.0,2.3682045640406275
235,11.8,11.6,25.4,15.4,11.9,15.220000000000002,13.560000000000002,13.799999999999999,4.520970186649258
236,8.6,6.7,3.0,11.0,13.4,8.540000000000001,8.57,10.4,3.0883649742680532
237,5.0,25.2,20.1,5.1,6.6,12.4,9.5,20.2,7.847372171625353
238,3.9,4.1,8.9,10.6,6.8,6.859999999999999,6.83,6.699999999999999,2.221774950027889
239,10.5,10.6,11.0,10.1,8.0,10.040000000000001,10.3,3.0,2.659085503380009
240,11.1,7.6,11.1,18.9,6.5,11.04,11.07,12.399999999999999,3.70021210781992
241,6.5,10.0,9.9,2.8,1.5,6.14,6.32,8.5,3.085624502662074
242,14.3,3.0,3.9,26.1,26.1,14.680000000000001,14.490000000000002,23.1,9.071729142939462
243,23.2,5.2,23.1,4.4,4.5,12.08,8.64,18.799999999999997,8.146122653490696
244,5.6,4.9,11.5,15.0,22.1,11.82,11.66,17.200000000000003,5.707538248416989
245,6.5,6.8,6.6,7.0,21.6,9.7,6.9,15.100000000000001,5.520287259606282
246,11.7,20.1,6.1,6.0,9.5,10.68,10.09,14.100000000000001,4.552728969687145
247,10.7,9.3,13.3,11.6,11.7,11.319999999999999,11.459999999999999,4.0,2.822510280887261
248,9.4,4.0,2.5,3.1,11.1,6.0200000000000005,5.01,8.6,3.1531478036128546
249,6.5,1.8,9.5,18.0,12.5,9.66,9.58,16.2,5.168220887583767
250,6.5,3.9,12.3,6.4,4.4,6.7,6.45,8.4,2.599716674123218
251,8.5,4.0,10.0,4.1,15.2,8.36,8.43,11.2,3.6579460962208206
252,6.9,6.9,7.1,4.3,7.8,6.6,6.9,3.5,1.5061777546396802
253,10.2,19.9,5.9,13.8,7.2,11.4,10.8,13.999999999999998,4.374602022715078
254,5.8,13.1,15.4,12.6,14.5,12.28,12.85,9.600000000000001,3.0326505968965733
255,11.0,15.1,11.8,18.9,15.8,14.520000000000001,14.81,7.899999999999999,3.377401526533168
256,7.1,1.1,11.6,6.1,10.7,7.3199999999999985,7.209999999999999,10.5,3.3576009185981928
257,22.5,6.2,15.4,14.8,22.7,16.32,15.86,16.5,5.136733258738337
258,9.7,22.8,11.6,8.3,24.0,15.280000000000001,13.440000000000001,15.7,5.7233600271169385
259,4.0,8.0,5.9,10.8,8.9,7.5200000000000005,7.76,6.800000000000001,2.01619160087244
260,9.2,9.6,11.2,11.8,5.2,9.4,9.5,6.6000000000000005,2.1928047923020544
261,11.5,17.7,11.4,9.1,17.9,13.52,12.51,8.799999999999999,3.4633259716224063
262,9.4,12.4,7.5,6.9,11.0,9.440000000000001,9.420000000000002,5.5,2.2352948031843267
263,9.9,16.1,12.7,10.7,7.4,11.360000000000001,11.030000000000001,8.700000000000001,2.634360521481989
264,18.2,16.4,5.5,17.2,6.8,12.819999999999999,14.61,12.7,4.6848980397504
265,4.4,12.3,4.2,11.5,15.9,9.66,10.58,11.7,3.976444930552199
266,5.6,5.5,3.8,6.3,2.0,4.64,5.07,4.3,1.3304933295586265
267,6.4,21.5,3.3,10.3,6.5,9.6,8.05,18.2,6.231139399362345
268,4.6,4.6,5.4,11.5,10.9,7.4,6.4,6.9,2.6648170668922098
269,18.6,8.2,12.9,6.7,5.6,10.400000000000002,9.3,13.000000000000002,4.1875453089233226
270,12.2,18.6,11.5,9.1,9.0,12.08,11.79,9.600000000000001,3.0822855040653567
271,12.7,13.3,12.6,11.5,11.5,12.32,12.46,1.8000000000000007,3.7749162715407154
272,7.3,8.6,14.9,10.1,18.7,11.919999999999998,11.009999999999998,11.399999999999999,3.6128913529985134
273,8.7,16.1,20.8,16.4,18.6,16.119999999999997,16.259999999999998,12.100000000000001,3.7318360092587137
274,13.0,22.8,5.2,3.7,21.3,13.2,13.1,19.1,6.996682887524018
275,11.5,9.0,2.1,9.5,17.5,9.92,9.71,15.4,4.609476070320481
276,2.9,13.9,9.5,10.1,1.8,7.639999999999999,8.57,12.1,4.1815408557816856
277,8.9,3.5,4.5,6.5,8.3,6.34,6.42,5.4,1.7995852696821963
278,16.2,10.7,3.4,13.7,12.2,11.24,11.719999999999999,12.799999999999999,3.693155832076409
279,7.5,8.6,9.2,8.9,4.6,7.760000000000001,8.18,4.6,1.826610835086977
280,6.6,12.5,13.1,14.3,13.1,11.92,12.8,7.700000000000001,2.7845581850114542
281,13.1,10.1,13.3,14.6,15.1,13.24,13.27,5.0,3.265949599383659
282,15.4,10.8,13.2,17.3,18.9,15.12,15.26,8.099999999999998,3.481608823518231
283,5.8,15.8,15.2,10.5,11.6,11.78,11.69,10.0,3.1174024787129615
284,23.0,15.0,7.4,17.8,20.5,16.740000000000002,17.270000000000003,15.6,4.570807798253108
285,9.6,19.0,15.9,24.6,19.4,17.7,18.35,15.000000000000002,4.279973089034223
286,0.0,18.1,31.5,0.9,2.0,10.5,6.25,31.5,13.078948120111626
287,4.5,1.5,6.6,4.6,6.9,4.82,4.71,5.4,1.6470270836527594
288,3.1,28.8,19.2,27.9,21.7,20.14,20.92,25.7,8.065708276400777
289,22.7,22.7,14.1,13.0,21.4,18.78,20.09,9.7,4.9211480585617124
290,6.2,16.1,19.2,5.3,4.2,10.2,8.2,15.0,5.5790424165545005
291,13.6,4.8,15.6,4.9,25.5,12.88,13.24,20.7,7.061626178559318
292,2.7,3.0,19.7,10.5,6.6,8.5,7.55,17.0,6.129171320123836
293,10.3,7.6,7.2,18.3,3.6,9.4,8.5,14.700000000000001,4.601552533035532
294,4.5,5.9,7.4,11.5,14.6,8.78,8.09,10.1,3.206174567478018
295,13.2,17.6,6.9,5.3,14.4,11.48,12.34,12.3,3.949090311162089
296,17.3,7.7,27.3,12.1,4.3,13.739999999999998,12.919999999999998,23.0,7.581441626950454
297,6.5,4.9,26.1,9.4,15.7,12.52,10.96,21.200000000000003,7.2703625376298415
298,17.4,4.9,4.1,8.4,4.4,7.839999999999999,6.369999999999999,13.299999999999999,4.723111678604627
299,4.6,5.9,9.1,13.9,5.8,7.859999999999999,6.88,9.3,2.9213389787170247
300,11.4,10.0,15.7,18.8,17.7,14.719999999999999,15.209999999999999,8.8,3.61324720399018
301,15.4,18.9,8.8,7.5,11.0,12.319999999999999,11.66,11.399999999999999,3.607887193358462
302,18.0,7.3,8.0,4.2,13.0,10.1,9.05,13.8,4.339102729827908
303,4.0,3.7,21.3,13.4,16.4,11.76,12.58,17.6,6.206512133005369
304,8.8,15.2,5.7,7.9,6.3,8.78,8.34,9.5,2.8866738150136935
305,12.0,9.9,8.9,12.3,8.1,10.239999999999998,10.07,4.200000000000001,2.5501256971821156
306,14.1,13.4,9.9,6.9,12.7,11.4,12.05,7.199999999999999,2.7246805186244183
307,17.4,22.0,5.4,7.0,9.9,12.34,11.120000000000001,16.6,5.60653700093535
308,11.5,1.4,25.5,7.5,2.5,9.68,8.59,24.1,8.986985729375562
309,5.5,22.7,3.5,7.3,4.4,8.68,6.4,19.2,7.1824150335584
310,21.6,5.9,11.0,7.4,8.2,10.819999999999999,9.509999999999998,15.700000000000001,5.112245627622255
311,9.8,9.3,6.0,19.2,15.1,11.879999999999999,10.84,13.2,4.005749439421863
312,13.1,9.6,13.6,9.9,5.9,10.419999999999998,10.16,7.699999999999999,2.536137389248236
313,14.9,12.1,7.6,14.1,14.7,12.680000000000001,13.39,7.300000000000001,3.02112532250579
314,10.5,4.2,6.7,9.6,18.9,9.98,9.79,14.7,4.533957393145324
315,3.1,1.8,9.8,5.9,4.6,5.040000000000001,4.82,8.0,2.555765191539652
316,5.0,7.2,24.7,12.1,4.9,10.78,8.99,19.799999999999997,7.114757173850498
317,5.5,8.1,11.6,19.3,7.8,10.459999999999999,9.28,13.8,4.2871369067412415
318,13.1,6.9,7.5,8.7,7.6,8.760000000000002,8.149999999999999,6.199999999999999,2.1010741300582425
319,8.7,10.8,7.2,11.8,8.9,9.48,9.190000000000001,4.6000000000000005,2.198226151760941
320,16.2,12.8,14.0,12.4,11.4,13.36,13.08,4.799999999999999,3.3195481620244647
321,17.0,16.0,17.9,15.0,17.3,16.64,16.82,2.8999999999999986,4.943795534375819
322,1.0,4.0,7.5,22.2,4.0,7.74,5.75,21.2,8.028863889563882
323,10.4,6.5,14.5,9.6,17.5,11.7,11.05,11.0,3.2799104408504816
324,9.4,17.2,5.1,21.1,4.0,11.360000000000001,10.38,17.1,6.062151904586829
325,12.3,12.4,9.9,10.6,3.5,9.74,10.25,8.9,2.7847566577453664
326,18.5,9.6,20.1,10.3,4.2,12.540000000000001,11.420000000000002,15.900000000000002,5.179751786662039
327,9.0,7.0,10.3,18.0,12.1,11.28,10.79,11.0,3.1747303035061103
328,12.6,11.0,18.3,9.6,12.5,12.8,12.55,8.700000000000001,2.887588897827588
329,6.6,14.7,18.8,16.5,17.8,14.879999999999999,15.69,12.200000000000001,3.826773865057317
330,15.8,21.8,21.7,20.3,14.7,18.86,19.58,7.100000000000001,4.914014942706509
331,8.9,1.5,7.0,14.7,15.3,9.479999999999999,9.19,13.8,4.598204424399967
332,1.2,22.4,8.0,1.0,7.8,8.079999999999998,7.9,21.4,8.09303360039626
333,9.9,8.6,15.4,7.9,8.2,10.0,9.25,7.5,2.514875387426923
334,20.8,7.0,9.4,6.4,5.6,9.84,8.2,15.200000000000001,5.180752841045402
335,10.0,13.3,9.8,9.1,6.2,9.680000000000001,9.740000000000002,7.1000000000000005,2.1224716050599395
336,5.8,5.1,12.1,8.3,15.8,9.42,8.86,10.700000000000001,3.4391693349245998
337,4.0,11.1,12.1,15.8,14.9,11.58,11.84,11.8,3.5228884253042785
338,16.7,17.9,14.2,13.0,17.8,15.919999999999998,16.31,4.899999999999999,4.259709706742267
339,9.3,16.9,10.6,12.5,4.7,10.8,10.7,12.2,3.4092049764466448
340,12.3,6.4,15.5,11.7,3.9,9.96,10.83,11.6,3.6105200951030385
341,4.8,7.9,9.2,12.9,7.5,8.459999999999999,8.18,8.100000000000001,2.2376262933232236
342,2.7,12.1,12.6,8.4,1.5,7.459999999999999,7.93,11.1,4.1121941918431535
343,3.0,8.6,5.7,2.6,5.7,5.12,5.41,6.0,1.863766827077434
344,10.2,10.6,12.3,17.9,8.9,11.979999999999999,11.29,8.999999999999998,2.86308743192679
345,10.0,17.2,11.4,5.0,6.7,10.06,10.030000000000001,12.2,3.6585709056171876
346,12.4,3.9,9.2,6.3,12.6,8.879999999999999,9.04,8.7,2.8746664402774007
347,15.9,13.8,6.7,11.5,8.0,11.180000000000001,11.34,9.2,2.9990462769734934
348,17.5,16.1,9.7,10.6,4.3,11.639999999999999,11.12,13.2,4.062384943425651
349,13.4,9.3,19.9,14.2,4.0,12.16,12.780000000000001,15.899999999999999,4.665493389924432
350,17.7,23.8,20.1,7.4,23.5,18.5,19.3,16.4,5.131676835387936
351,21.5,23.2,4.4,18.5,16.1,16.74,17.619999999999997,18.799999999999997,5.658237358047115
352,6.3,13.2,2.7,3.2,1.4,5.359999999999999,4.279999999999999,11.799999999999999,4.289868462851912
353,10.2,10.8,18.9,5.6,6.5,10.4,10.3,13.299999999999999,4.108179993274741
354,14.1,6.0,8.9,4.3,14.0,9.459999999999999,9.18,9.8,3.406832420718275
355,8.5,7.5,15.5,6.6,4.6,8.540000000000001,8.0,10.9,3.2570615591357805
356,16.0,15.0,6.3,17.1,10.1,12.9,13.95,10.8,3.5543672834576743
357,4.3,13.6,11.9,11.3,10.2,10.26,10.780000000000001,9.3,2.715558348269678
358,14.8,18.1,16.6,15.5,15.2,16.04,15.77,3.3000000000000007,4.603026760420024
359,5.5,13.2,17.2,12.7,19.1,13.539999999999997,13.369999999999997,13.600000000000001,3.960573326101737
360,19.2,19.2,11.1,13.1,15.2,15.559999999999999,15.379999999999999,8.1,3.797739929409144
361,22.8,17.8,23.6,19.9,25.1,21.839999999999996,22.32,7.300000000000001,5.627274778129412
362,14.7,22.8,23.4,8.3,3.7,14.580000000000002,14.64,19.7,6.824869962131146
363,25.7,25.6,8.6,8.3,22.5,18.14,20.32,17.4,6.8106303463252
364,18.0,14.1,5.2,8.3,23.3,13.780000000000001,13.940000000000001,18.1,5.711732286643494
365,12.7,2.6,8.2,10.3,29.3,12.62,11.46,26.7,9.120418223493294
366,1.6,3.0,0.9,5.2,7.8,3.7,3.35,6.8999999999999995,2.4244936879392247
367,4.8,7.8,9.1,21.2,11.2,10.819999999999999,9.959999999999999,16.4,5.145028113209323
368,15.0,4.9,26.8,7.1,27.3,16.220000000000002,15.610000000000001,22.4,8.299693518437895
369,8.1,4.4,3.9,5.4,14.3,7.219999999999999,6.31,10.4,3.4534534992422543
370,6.4,29.2,11.6,14.9,1.5,12.72,12.16,27.7,9.57787592020575
371,2.5,13.5,5.4,26.7,1.3,9.879999999999999,7.64,25.4,9.768836748997877
372,11.5,5.4,3.7,4.9,3.9,5.88,5.15,7.8,2.5492376311360228
373,10.4,13.6,21.4,14.7,7.7,13.559999999999999,13.579999999999998,13.7,3.9116821372469848
374,1.8,22.8,12.3,3.1,1.4,8.280000000000001,5.69,21.400000000000002,8.519979774456209
375,1.9,3.9,22.4,17.2,6.7,10.42,8.56,20.5,7.700166510259001
376,5.3,26.8,16.4,9.0,4.1,12.32,10.66,22.700000000000003,8.063880668051297
377,8.4,9.5,13.0,5.9,18.9,11.139999999999999,10.32,12.999999999999998,3.879042591744956
378,9.2,8.9,9.9,12.1,10.7,10.16,10.030000000000001,3.1999999999999993,2.6405353218077363
379,15.6,26.1,5.1,2.8,13.1,12.540000000000001,12.82,23.3,7.967727763565076
380,21.4,2.4,6.1,24.1,9.8,12.76,11.280000000000001,21.700000000000003,7.9178780526819725
381,15.1,3.2,15.8,6.2,6.0,9.260000000000002,7.73,12.600000000000001,4.5775693409743745
382,4.3,9.2,10.6,6.3,4.4,6.960000000000001,6.630000000000001,6.3,2.163132236232582
383,6.6,5.3,10.8,10.8,8.2,8.34,8.27,5.500000000000001,2.11808496726912
384,9.7,14.0,11.5,8.5,10.3,10.8,10.55,5.5,2.4431299450850807
385,26.3,12.1,14.2,10.9,10.4,14.779999999999998,13.149999999999999,15.9,5.047584818504787
386,4.9,2.6,12.9,2.6,6.6,5.92,5.41,10.3,3.5825048599309075
387,18.5,3.5,5.6,6.9,2.9,7.4799999999999995,6.25,15.6,5.652323005379546
388,19.1,18.5,9.7,5.3,4.4,11.399999999999999,10.549999999999999,14.700000000000001,5.472818384655988
389,6.3,12.1,6.2,5.5,9.5,7.919999999999999,7.109999999999999,6.6,2.1791016333735858
390,5.3,11.7,12.8,11.2,4.6,9.120000000000001,10.16,8.200000000000001,2.9634487630847564
391,9.2,12.8,9.8,13.0,6.9,10.34,10.07,6.1,2.4512383896424974
392,24.8,3.1,5.6,15.5,8.9,11.58,10.24,21.7,7.555149142897748
393,10.7,8.1,3.4,5.7,4.0,6.379999999999999,6.039999999999999,7.299999999999999,2.316029545826835
394,4.7,22.3,13.4,5.1,4.1,9.92,7.51,18.200000000000003,6.758987535126841
395,5.2,5.3,5.7,12.8,11.5,8.1,6.9,7.6000000000000005,2.853287577514752
396,4.4,13.7,12.0,6.7,10.7,9.5,10.1,9.299999999999999,2.916945564896854
397,10.5,12.1,7.2,12.4,5.8,9.6,10.05,6.6000000000000005,2.49255140368258
398,16.2,6.8,8.4,16.7,12.3,12.079999999999998,12.19,9.899999999999999,3.4644498120192186
399,12.0,15.3,10.5,13.7,18.5,14.0,13.85,8.0,3.152656193026536
400,3.4,10.6,4.1,10.0,18.3,9.280000000000001,9.64,14.9,4.960874778849853
401,21.6,7.5,3.1,11.2,11.5,10.98,11.09,18.5,5.813695499176308
402,3.6,3.0,12.2,6.5,18.7,8.8,7.65,15.7,5.610445455958529
403,6.7,11.1,4.8,8.8,11.6,8.6,8.7,6.8,2.274980376681459
404,8.9,6.4,8.8,17.6,17.7,11.88,10.39,11.299999999999999,4.0884661374582585
405,12.5,3.8,5.9,8.3,10.1,8.120000000000001,8.21,8.7,2.5916455748644114
406,11.4,11.3,7.1,14.3,7.2,10.260000000000002,10.780000000000001,7.200000000000001,2.587871436418079
407,16.2,15.2,16.2,12.7,13.7,14.8,15.0,3.5,4.175245929454763
408,13.6,4.7,12.5,15.5,11.9,11.639999999999999,12.2,10.8,3.133263930335722
409,3.2,6.7,21.1,16.4,6.1,10.7,8.7,17.900000000000002,6.397767467752214
410,1.1,3.3,2.1,4.4,2.8,2.7399999999999998,2.7699999999999996,3.3000000000000003,0.9593887562997003
411,9.9,4.9,3.6,10.7,6.5,7.12,6.8100000000000005,7.1,2.3400515104220614
412,8.2,5.3,6.3,5.9,18.7,8.88,7.25,13.399999999999999,4.587113743957086
413,5.9,11.1,12.5,17.2,4.4,10.22,10.66,12.799999999999999,4.016714186638484
414,13.3,10.1,14.6,7.6,13.0,11.72,12.36,7.0,2.742136810174556
415,17.3,14.5,8.3,14.3,4.9,11.860000000000001,13.080000000000002,12.4,3.8734407000937625
416,14.0,13.8,14.2,14.2,15.0,14.24,14.2,1.1999999999999993,4.62121505357937
417,5.3,20.9,16.9,19.4,20.6,16.619999999999997,18.15,15.599999999999998,4.977905289519736
418,17.8,14.2,18.7,8.5,11.2,14.080000000000002,14.14,10.2,3.542838853639429
419,0.1,9.5,11.5,1.3,11.9,6.860000000000001,8.18,11.8,4.656171787454337
420,21.8,15.9,3.4,7.3,14.3,12.540000000000001,13.420000000000002,18.400000000000002,5.8623197505034526
421,13.4,3.0,2.5,18.4,3.3,8.12,5.709999999999999,15.899999999999999,6.294213754371095
422,4.3,9.9,2.9,8.4,9.1,6.92,7.66,7.0,2.369989451453318
423,2.7,10.2,12.3,12.3,11.7,9.84,10.95,9.600000000000001,3.113727382781883
424,13.9,9.3,3.8,15.4,9.6,10.400000000000002,10.0,11.600000000000001,3.467811166386412
425,10.2,4.0,3.4,12.6,4.6,6.959999999999999,5.779999999999999,9.2,3.2859343094033826
426,9.9,11.3,11.2,15.0,19.3,13.34,12.32,9.4,3.2147161616540894
427,20.7,22.0,17.4,18.6,7.9,17.32,18.0,14.1,4.3708833693627
428,7.6,16.0,20.1,12.5,21.3,15.5,15.75,13.700000000000001,4.30053464284218
429,19.2,7.2,22.5,19.9,23.9,18.54,19.549999999999997,16.7,5.065451432427885
430,19.8,15.7,7.7,1.0,13.9,11.620000000000001,12.760000000000002,18.8,6.107456800619106
431,2.2,3.9,8.2,13.6,1.3,5.84,4.87,12.299999999999999,4.508990819938061
432,9.1,2.8,4.0,9.0,3.4,5.659999999999999,4.83,6.3,2.3942188556127086
433,7.4,14.4,14.2,16.0,5.9,11.58,12.89,10.1,3.545437460415045
434,11.3,13.6,8.6,5.7,4.4,8.72,8.66,9.2,2.8903768908965093
435,11.4,15.2,7.3,13.4,11.7,11.8,11.75,7.8999999999999995,2.61321333391888
436,11.7,15.8,14.2,16.5,15.3,14.7,15.0,4.800000000000001,3.79172030312665
437,14.3,4.7,5.9,7.9,18.9,10.34,9.120000000000001,14.2,4.809942084593415
438,21.9,19.6,20.1,13.9,15.2,18.14,18.87,7.999999999999998,4.45639167777186
439,23.6,23.8,19.3,17.6,11.6,19.18,19.240000000000002,12.200000000000001,4.529052250274255
440,19.4,16.8,8.4,25.9,18.3,17.759999999999998,18.03,17.5,4.749623857287467
441,6.3,20.1,20.8,25.1,22.6,18.98,20.450000000000003,18.8,5.579212534040983
442,7.0,1.1,18.9,9.3,3.1,7.88,7.4399999999999995,17.799999999999997,6.329231503790284
443,14.3,3.7,1.4,3.2,12.1,6.9399999999999995,5.32,12.9,4.95354923262099
444,2.9,2.8,5.6,1.8,7.3,4.08,3.49,5.5,1.8199838107600221
445,8.4,8.1,15.1,5.4,8.1,9.02,8.25,9.7,2.7568690185995934
446,12.8,10.9,8.7,6.7,4.3,8.680000000000001,8.690000000000001,8.5,2.5365017388972104
447,9.9,14.0,11.3,8.3,6.9,10.08,9.99,7.1,2.32619823194106
448,12.3,13.4,5.3,14.8,8.0,10.760000000000002,11.530000000000001,9.5,3.052925704491162
449,14.2,11.6,12.2,9.0,5.8,10.559999999999999,11.079999999999998,8.399999999999999,2.5832371717893587
450,18.7,16.6,22.0,19.7,2.0,15.8,17.65,20.0,6.206300801834949
451,15.5,11.8,20.2,9.0,15.2,14.34,14.77,11.2,3.3915543739454583
452,22.0,7.2,6.7,25.1,10.2,14.24,12.219999999999999,18.400000000000002,6.7792282535909445
453,17.2,23.3,27.8,14.7,22.0,21.0,21.5,13.100000000000001,4.817749919382936
454,14.9,26.8,2.6,23.4,25.0,18.54,20.97,24.2,7.843755364255422
455,14.8,3.6,19.6,0.1,24.7,12.559999999999999,13.68,24.599999999999998,8.960706285938466
456,18.7,7.3,3.9,8.6,28.9,13.48,11.04,25.0,8.841187703018186
457,1.5,24.5,1.3,5.1,10.1,8.5,6.8,23.2,9.014393252697916
458,10.3,0.6,7.5,27.6,27.1,14.62,12.46,27.0,10.247103772007275
459,19.6,13.5,14.1,13.2,19.4,15.960000000000003,15.030000000000001,6.400000000000002,4.152718343790864
460,6.2,6.2,3.4,8.6,18.7,8.62,7.4,15.299999999999999,5.112342907121938
461,2.2,3.1,4.6,14.4,17.4,8.34,6.47,15.2,5.920858860237857
462,8.7,19.2,26.1,15.6,2.0,14.319999999999999,14.959999999999999,24.1,7.8383120449677
463,9.5,4.3,23.5,6.0,3.4,9.34,7.67,20.1,7.373795180037404
464,24.4,6.6,7.2,5.9,8.6,10.540000000000001,7.9,18.5,6.664033527612452
465,4.7,9.4,16.8,3.5,7.5,8.38,7.94,13.3,4.341810024139044
466,3.2,20.7,2.8,6.7,3.4,7.359999999999999,5.05,17.9,6.970684404807649
467,2.4,7.0,12.5,10.8,7.6,8.06,7.83,10.1,3.033079234516821
468,7.5,9.3,13.3,13.8,8.3,10.440000000000001,9.870000000000001,6.300000000000001,2.637192432980845
469,5.1,8.2,9.6,20.4,9.6,10.58,9.6,15.299999999999999,4.713784497165126
470,2.9,10.6,16.4,1.7,2.2,6.76,4.83,14.7,5.7473657009102865
471,17.6,1.8,3.9,13.1,5.8,8.44,7.119999999999999,15.8,5.715190285546055
472,5.5,21.4,18.4,5.3,9.3,11.979999999999999,10.64,16.099999999999998,5.874301782218157
473,6.0,3.5,11.6,6.7,20.5,9.66,8.18,17.0,5.77117900804135
474,10.6,4.7,7.9,11.0,6.9,8.22,8.06,6.3,2.097590454375142
475,11.2,10.7,13.8,9.5,11.0,11.24,11.1,4.300000000000001,2.721590921291652
476,9.2,1.2,13.5,10.7,11.3,9.179999999999998,9.95,12.3,3.7337033989630957
477,19.7,20.8,11.1,7.9,1.2,12.14,11.620000000000001,19.6,6.7696122488662525
478,9.9,3.6,6.4,7.2,7.7,6.959999999999999,7.08,6.300000000000001,1.7429675023607625
479,4.8,7.2,8.2,15.8,4.6,8.120000000000001,7.66,11.200000000000001,3.6270403125098336
480,15.8,20.0,12.8,7.6,6.5,12.54,12.67,13.5,4.276547130237531
481,5.5,6.6,12.1,10.7,12.6,9.5,10.1,7.1,2.6168410618257165
482,16.7,12.9,15.7,16.2,7.8,13.86,14.78,8.899999999999999,3.337659573499285
483,11.6,7.9,5.5,0.8,5.5,6.26,5.88,10.799999999999999,3.396737930931465
484,6.3,5.6,8.4,11.8,3.6,7.139999999999999,6.719999999999999,8.200000000000001,2.395257218516864
485,3.7,11.5,5.8,8.0,7.7,7.340000000000001,7.5200000000000005,7.8,2.1936531826417514
486,8.2,6.2,7.8,5.4,8.3,7.1800000000000015,7.49,2.9000000000000004,1.8225722599823422
487,4.5,12.6,10.0,5.7,11.1,8.780000000000001,9.39,8.1,2.675334091286544
488,11.2,5.6,16.2,13.4,12.1,11.7,11.899999999999999,10.6,2.973904360072318
489,6.0,15.8,12.0,7.4,11.2,10.479999999999999,10.84,9.8,2.958455195343871
490,5.4,4.7,14.6,11.2,9.9,9.16,9.530000000000001,9.899999999999999,3.1364786328438
491,12.1,5.5,0.1,14.5,5.2,7.480000000000001,6.49,14.4,5.052282192944378
492,5.5,5.8,4.2,7.1,4.8,5.48,5.49,2.8999999999999995,1.233976585793148
493,11.2,8.7,3.6,3.4,5.8,6.539999999999999,6.17,7.799999999999999,2.5927780881297404
494,8.3,12.6,3.6,8.5,6.9,7.9799999999999995,8.14,9.0,2.477324305432317
495,7.4,12.7,12.8,6.1,8.8,9.560000000000002,9.180000000000001,6.700000000000001,2.523710420336352
496,9.6,11.7,12.6,11.3,6.9,10.42,10.86,5.699999999999999,2.4026830240973767
497,7.9,9.9,7.0,9.3,12.7,9.36,9.33,5.699999999999999,2.0992001027602325
498,12.3,16.8,15.0,13.7,16.6,14.88,14.940000000000001,4.5,3.9486561909446762
499,17.7,4.5,19.2,14.6,12.6,13.719999999999999,14.16,14.7,4.372151317470284
500,1.5,21.5,6.3,8.4,13.2,10.180000000000001,9.290000000000001,20.0,6.7409663094926
501,10.1,1.4,9.6,3.2,14.1,7.68,8.64,12.7,4.341164261215779
502,18.6,4.7,7.5,18.8,3.0,10.52,9.01,15.8,6.115202221863617
503,8.2,18.5,5.1,14.2,4.2,10.040000000000001,9.120000000000001,14.3,4.9043938026455995
504,9.0,7.1,8.5,15.4,12.2,10.440000000000001,9.72,8.3,2.6394682906113602
505,10.0,12.6,10.8,17.2,7.8,11.680000000000001,11.240000000000002,9.399999999999999,2.788629975966181
506,13.5,13.2,15.9,14.3,5.4,12.46,13.35,10.5,3.1888777134641852
507,7.8,17.7,18.1,10.2,16.4,14.039999999999997,15.219999999999999,10.3,3.8487994417554603
508,21.2,20.9,15.3,18.9,10.9,17.439999999999998,18.169999999999998,10.299999999999999,4.174214853461323
509,20.6,12.8,18.3,15.3,9.2,15.24,15.27,11.400000000000002,3.6540386169669468
510,16.0,6.5,20.8,12.6,15.1,14.2,14.649999999999999,14.3,3.95753688729312
511,1.2,8.6,1.2,4.7,9.9,5.12,4.91,8.700000000000001,3.323270495417772
512,13.6,6.4,4.4,2.3,10.5,7.44,6.92,11.3,3.73836385143478
513,7.9,8.0,12.5,3.3,2.0,6.74,7.32,10.5,3.433689186366674
514,1.7,7.5,9.9,7.3,14.6,8.2,7.85,12.9,3.914208321706228
515,15.3,11.2,4.8,8.7,14.5,10.9,11.05,10.5,3.2652868502301167
516,13.2,8.3,11.4,9.4,12.6,10.98,11.190000000000001,4.899999999999999,2.675587719148289
517,10.8,16.6,17.7,17.1,6.8,13.8,15.200000000000001,10.899999999999999,3.817791994633249
518,19.7,8.4,10.6,5.7,12.0,11.280000000000001,10.940000000000001,14.0,4.10772703919959
519,9.8,9.4,15.8,21.1,5.0,12.22,11.010000000000002,16.1,4.974727379465131
520,14.5,16.0,22.3,13.6,5.6,14.399999999999997,14.45,16.700000000000003,4.592885608665397
521,20.2,9.5,1.5,2.3,20.0,10.7,10.1,18.7,7.472760056173546
522,4.7,15.3,12.5,2.5,1.6,7.32,6.01,13.700000000000001,5.2445262280918055
523,2.2,8.2,7.6,3.2,5.4,5.32,5.36,5.999999999999999,2.004537709441114
524,8.9,7.0,5.9,9.8,4.8,7.279999999999999,7.14,5.000000000000001,1.756374105935293
525,11.8,4.2,9.3,5.6,9.1,8.0,8.55,7.6000000000000005,2.329919909720994
526,12.4,16.5,9.5,15.0,11.9,13.059999999999999,12.73,7.0,2.9708220964190075
527,14.0,13.5,11.4,4.3,15.3,11.7,12.6,11.0,3.330272404130672
528,11.4,16.6,17.1,10.7,17.6,14.680000000000001,15.64,6.900000000000002,3.7853844869822293
529,15.4,14.7,6.2,22.3,10.6,13.84,14.27,16.1,4.598136074230824
530,24.4,16.5,21.6,4.3,20.4,17.439999999999998,18.919999999999998,20.099999999999998,6.037685814945988
531,17.2,19.3,21.9,9.4,5.3,14.62,15.91,16.599999999999998,5.34410071948499
532,29.6,12.2,23.3,28.1,,23.299999999999997,23.3,17.400000000000002,5.996903963117731
533,12.5,15.3,6.0,7.8,2.6,8.84,8.32,12.700000000000001,4.088093338324988
534,13.7,16.2,2.4,13.8,1.9,9.599999999999998,11.649999999999999,14.299999999999999,5.473797160759874
535,10.1,13.8,3.6,13.5,15.9,11.379999999999999,12.44,12.3,3.672833666647204
536,5.8,16.1,9.4,12.0,14.2,11.5,11.75,10.3,3.093534444150066
537,7.1,8.6,12.3,13.5,9.5,10.2,9.85,6.4,2.4014783393330275
538,9.2,13.2,12.5,14.8,13.4,12.620000000000001,12.91,5.600000000000001,2.954678795692399
539,12.9,13.9,12.4,4.7,16.0,11.98,12.65,11.3,3.268448463283895
540,17.3,18.4,15.2,20.2,11.1,16.44,16.87,9.1,3.7199075929382976
541,16.6,5.8,21.0,21.6,21.7,17.34,19.17,15.899999999999999,5.205429685845897
542,8.3,25.8,11.4,18.8,19.0,16.66,17.73,17.5,5.244677403942836
543,23.0,9.8,4.2,27.5,22.5,17.4,19.95,23.3,7.780627843744819
544,5.6,6.3,5.9,16.9,12.5,9.44,7.869999999999999,11.299999999999999,3.929121812095638
545,29.1,27.2,9.9,12.9,17.4,19.3,18.35,19.200000000000003,6.460370262498229
546,7.0,7.1,1.4,16.1,13.2,8.959999999999999,8.03,14.700000000000001,4.845211000860246
547,4.7,10.9,15.0,12.3,16.7,11.920000000000002,12.110000000000001,12.0,3.498599464683792
548,6.7,4.6,8.0,1.9,9.0,6.04,6.37,7.1,2.179219634246561
549,12.9,9.5,9.1,3.3,0.7,7.1,8.1,12.200000000000001,4.160335666402755
550,11.7,11.0,7.3,9.5,6.1,9.120000000000001,9.31,5.6,2.1976736888940414
551,2.8,11.7,13.2,10.9,16.9,11.1,11.399999999999999,14.099999999999998,4.054428795421478
552,16.8,18.8,11.5,13.0,16.7,15.36,16.03,7.300000000000001,3.6792465746593903
553,12.4,15.1,13.5,17.0,5.5,12.7,13.1,11.5,3.3453592589479193
554,22.1,18.0,16.1,12.8,18.0,17.4,17.7,9.3,3.8499536175313667
555,9.2,21.7,22.5,13.0,17.4,16.76,17.08,13.3,4.4704354214262905
556,13.7,26.8,19.5,23.1,,20.775,20.775,13.100000000000001,4.896904391454628
557,29.7,23.5,26.3,19.3,,24.7,24.7,10.399999999999999,6.237482703478261
558,13.9,30.7,28.6,23.4,,24.15,24.15,16.799999999999997,5.9810116201191255
559,34.4,34.4,32.4,0.4,3.5,21.02,26.71,34.0,14.025351472550392
560,5.4,11.0,29.0,4.2,21.1,14.14,12.57,24.8,8.944942605421554
561,1.4,13.0,0.0,8.0,16.4,7.76,7.88,16.4,6.186434468138446
562,20.3,4.8,22.7,16.6,2.7,13.420000000000002,15.010000000000002,20.0,7.272933064255635
563,8.4,9.3,9.2,26.5,8.6,12.400000000000002,9.25,18.1,6.444263090975902
564,2.7,12.6,2.1,9.3,18.3,9.0,9.15,16.2,5.7563590613214135
565,5.4,7.3,3.6,21.4,12.5,10.040000000000001,8.67,17.799999999999997,6.1249196787736375
566,1.0,0.6,4.1,7.4,1.8,2.98,2.39,6.800000000000001,2.5468296117778615
567,8.5,8.4,2.5,4.8,1.4,5.119999999999999,4.959999999999999,7.1,2.5779269079741463
568,8.1,2.9,6.2,3.5,7.9,5.720000000000001,5.960000000000001,5.199999999999999,1.845697700058165
569,10.7,5.1,11.9,7.3,22.2,11.440000000000001,11.07,17.1,5.37914607535434
570,24.8,9.5,2.2,26.3,3.6,13.279999999999998,11.389999999999999,24.1,9.5891634336444
571,14.1,13.8,22.0,2.9,2.5,11.059999999999999,12.43,19.5,6.942344061729337
572,1.9,11.2,18.7,4.2,21.8,11.559999999999999,11.379999999999999,19.900000000000002,7.218199221412498
573,4.8,9.1,10.5,22.0,6.1,10.5,9.8,17.2,5.693856338194704
574,22.3,8.7,19.0,8.0,10.7,13.74,12.219999999999999,14.3,4.943116425899759
575,11.3,17.7,1.6,0.6,3.1,6.860000000000001,4.98,17.099999999999998,6.738670916010494
576,4.6,7.0,1.4,1.2,3.2,3.4799999999999995,3.34,5.8,2.0019972170667115
577,3.3,2.9,6.4,8.0,5.9,5.3,5.6,5.1,1.6365796213881123
578,5.5,5.4,4.8,21.7,8.1,9.1,6.8,16.9,6.178866632088999
579,16.8,2.6,10.0,7.9,8.3,9.120000000000001,8.71,14.200000000000001,4.27077088223794
580,13.2,11.6,4.9,12.1,10.3,10.419999999999998,11.009999999999998,8.299999999999999,2.5905842556678764
581,5.7,2.5,23.0,12.0,18.0,12.24,12.120000000000001,20.5,7.036756050502654
582,8.4,6.9,1.8,22.6,6.9,9.32,7.65,20.8,7.250790966705436
583,5.2,4.7,21.2,5.5,2.4,7.8,5.35,18.8,7.053314190607744
584,9.6,6.3,6.3,12.0,9.5,8.74,9.120000000000001,5.7,2.1498687667589653
585,8.4,9.5,17.4,8.1,4.5,9.58,8.95,12.899999999999999,3.7996764429920304
586,7.6,12.5,8.1,6.9,12.6,9.540000000000001,8.82,5.699999999999999,2.495619018543152
587,7.6,15.8,14.3,12.7,10.1,12.100000000000001,12.4,8.200000000000001,2.8490599953568645
588,1.9,2.3,3.4,3.8,2.9,2.86,2.88,1.9,0.6786067659971736
589,2.6,3.7,2.2,16.6,12.6,7.540000000000001,5.620000000000001,14.400000000000002,5.644814940658881
590,12.3,8.3,4.1,12.7,11.2,9.720000000000002,10.46,8.6,2.7545274419710233
591,11.8,4.4,7.1,3.2,7.4,6.780000000000001,6.94,8.600000000000001,2.5916335168604157
592,8.4,3.8,8.5,8.4,11.6,8.14,8.4,7.8,2.1130343787345924
593,12.4,13.0,5.0,5.1,11.7,9.440000000000001,10.57,8.0,3.126625006068273
594,4.7,18.3,8.3,12.9,14.4,11.72,12.31,13.600000000000001,4.070238453878172
595,14.8,4.0,4.8,14.9,16.2,10.940000000000001,12.870000000000001,12.2,4.6005044366274195
596,7.8,10.8,10.2,0.1,10.1,7.8,8.95,10.700000000000001,3.525867421136049
597,10.9,2.2,0.5,1.0,9.2,4.76,3.48,10.4,4.264869785317518
598,5.6,14.5,5.4,2.6,3.3,6.28,5.5,11.9,4.148882810037971
599,10.8,5.5,13.3,3.3,5.5,7.68,6.59,10.0,3.3034481444177604
600,18.2,3.8,7.8,2.6,3.1,7.1,5.449999999999999,15.6,5.854756155712819
601,5.9,6.9,13.5,10.2,10.0,9.3,9.65,7.6,2.3617392955193
602,10.3,6.8,10.5,10.0,3.3,8.18,9.09,7.2,2.411161175509782
603,8.9,14.9,10.5,11.7,7.0,10.6,10.55,7.9,2.4467817784650454
604,13.4,13.4,22.4,17.6,17.2,16.800000000000004,17.0,8.999999999999998,3.9449787252730713
605,5.2,5.4,8.5,3.1,10.5,6.540000000000001,5.970000000000001,7.4,2.252173156880134
606,11.1,19.6,3.7,4.0,2.2,8.120000000000001,6.0600000000000005,17.400000000000002,6.503558915811294
607,2.2,12.0,18.3,6.1,3.2,8.360000000000001,7.23,16.1,5.824271720260704
608,12.2,8.2,5.0,5.4,3.1,6.779999999999999,6.09,9.1,2.8166440897939924
609,11.9,6.9,15.1,7.6,7.5,9.8,8.7,8.2,2.7748552085778146
610,8.2,16.1,11.5,9.4,4.1,9.86,9.629999999999999,12.000000000000002,3.4215386576384446
611,2.1,15.9,14.0,3.7,13.4,9.82,11.61,13.8,5.0595156106376145
612,17.9,16.0,15.4,6.2,5.5,12.2,13.8,12.399999999999999,4.476206940192619
613,14.3,21.0,18.2,13.2,4.7,14.280000000000001,14.290000000000001,16.3,4.736384810319847
614,4.5,17.0,17.8,21.1,12.5,14.580000000000002,15.790000000000001,16.6,4.912206188960022
615,14.8,9.1,1.6,7.0,8.4,8.18,8.29,13.200000000000001,3.988033663348393
616,15.5,14.9,15.3,12.1,3.2,12.200000000000001,13.55,12.3,3.970780554788405
617,15.4,2.8,17.3,17.2,3.7,11.280000000000001,13.34,14.5,5.716582395602663
618,7.2,4.6,8.0,12.7,10.4,8.58,8.29,8.1,2.3485067444168495
619,5.3,3.6,8.3,14.7,4.2,7.220000000000001,6.26,11.1,3.7404774332391613
620,9.1,10.6,10.1,12.8,9.2,10.36,10.23,3.700000000000001,2.608269472822381
621,18.3,8.4,13.7,11.6,13.1,13.020000000000001,13.06,9.9,2.9339928912174087
622,10.8,12.6,16.4,15.7,14.7,14.040000000000001,14.370000000000001,5.599999999999998,3.4734295012278573
623,6.7,12.3,5.0,20.0,10.3,10.86,10.58,15.0,4.674055290338664
624,18.7,3.7,9.9,17.5,20.3,14.02,15.76,16.6,5.402105409666018
625,23.6,22.1,19.3,21.9,19.8,21.34,21.619999999999997,4.300000000000001,6.185926423284204
626,12.6,13.4,3.2,5.6,2.5,7.459999999999999,6.529999999999999,10.9,4.13733847332523
627,15.4,10.9,6.6,9.2,12.5,10.919999999999998,10.91,8.8,2.621760245658303
628,15.1,6.2,7.2,8.3,11.6,9.68,8.99,8.899999999999999,2.7785501743586654
629,10.5,3.0,15.1,8.1,12.1,9.760000000000002,10.13,12.1,3.5392995170553974
630,11.2,10.1,1.8,4.3,7.6,7.0,7.3,9.399999999999999,3.090971876749632
631,10.9,15.9,2.4,8.5,12.1,9.96,10.43,13.5,3.978055653923696
632,16.4,5.9,3.0,15.7,16.2,11.440000000000001,13.57,13.399999999999999,4.98023934450659
633,12.6,18.4,15.3,15.1,14.0,15.080000000000002,15.09,5.799999999999999,3.6599158362688384
634,18.1,16.0,14.1,13.3,16.4,15.580000000000002,15.790000000000001,4.800000000000001,4.086124386261387
635,6.6,7.7,18.3,18.0,16.3,13.38,14.84,11.700000000000001,4.4280913334237875
636,15.8,13.8,8.6,26.3,17.7,16.44,16.12,17.700000000000003,4.916903061306549
637,4.5,11.7,22.3,24.7,29.2,18.48,20.39,24.7,7.961356556158361
638,11.0,4.7,7.6,0.7,16.8,8.16,7.88,16.1,5.4305952054737325
639,2.1,2.3,5.0,1.6,11.5,4.5,3.4,9.9,3.7094233283047418
640,4.9,9.1,12.3,5.4,10.2,8.38,8.74,7.4,2.426930748320367
641,2.9,14.1,5.1,13.8,8.4,8.860000000000001,8.63,11.2,3.9042831333952055
642,2.3,10.9,10.5,13.5,10.6,9.56,10.55,11.2,3.2688374407862058
643,8.8,6.1,9.5,3.2,13.6,8.239999999999998,8.52,10.399999999999999,3.038133825699115
644,12.4,11.5,13.9,14.0,4.5,11.26,11.95,9.5,3.046369912347669
645,15.7,12.5,14.7,15.0,12.9,14.16,14.43,3.1999999999999993,4.028859950407807
646,8.4,7.3,20.0,19.2,7.4,12.46,10.43,12.7,4.9967130267235245
647,7.6,16.2,1.6,21.7,23.0,14.02,15.11,21.4,7.430947714024869
648,20.6,17.7,22.3,17.4,12.6,18.119999999999997,17.909999999999997,9.700000000000001,4.078145368038901
649,11.5,19.7,29.0,25.2,28.8,22.84,24.02,17.5,5.918938128704217
650,29.5,28.0,3.9,25.3,5.2,18.380000000000003,21.840000000000003,25.6,9.98076865061719
651,10.5,16.1,4.4,8.7,9.8,9.9,9.850000000000001,11.700000000000001,3.2372759161280737
652,7.1,10.9,10.6,10.2,10.3,9.819999999999999,10.25,3.8000000000000007,2.451451100878824
653,17.3,10.4,10.3,5.6,14.6,11.64,11.02,11.700000000000001,3.4008570348411546
654,14.4,15.4,1.2,9.3,14.7,11.0,12.7,14.200000000000001,4.6853685630298685
655,9.8,8.5,13.0,10.9,15.5,11.540000000000001,11.22,7.0,2.6255217168620573
656,10.2,8.5,11.9,9.6,10.7,10.180000000000001,10.190000000000001,3.4000000000000004,2.5809020433063434
657,14.7,7.3,9.3,8.5,14.4,10.84,10.07,7.3999999999999995,2.882533298035898
658,17.1,4.3,1.2,19.4,13.3,11.059999999999999,12.18,18.2,6.521147466950451
659,19.0,0.6,6.2,10.8,20.0,11.32,11.06,19.4,6.901738393849977
660,21.0,16.9,3.8,24.4,21.2,17.46,19.23,20.599999999999998,6.22863190091876
661,22.5,25.3,10.7,6.4,19.5,16.880000000000003,18.19,18.9,6.115301505240768
662,25.1,16.1,4.3,30.0,25.0,20.1,22.55,25.7,7.94554850664374
663,32.0,31.7,29.6,31.6,,31.225,31.6,2.3999999999999986,10.94683988973204
664,13.3,29.5,31.3,26.5,,25.15,26.5,18.0,6.417804475497387
665,10.0,18.5,4.1,3.9,0.0,7.3,5.699999999999999,18.5,6.806509489347048
666,3.5,18.7,6.8,4.5,4.3,7.56,5.65,15.2,5.5942009195747895
667,2.0,9.4,6.3,14.1,10.7,8.5,8.95,12.1,3.688053832501441
668,11.7,6.9,5.7,8.4,16.0,9.74,9.07,10.3,3.161667451113189
669,18.6,4.1,15.7,11.7,9.9,12.000000000000002,11.850000000000001,14.500000000000002,4.305182715551771
670,18.5,2.2,10.6,6.4,13.0,10.139999999999999,10.37,16.3,5.185232981402915
671,12.7,11.5,13.0,10.2,18.0,13.080000000000002,12.85,7.800000000000001,2.9101862360631543
672,16.3,9.1,18.5,15.3,7.9,13.420000000000002,14.360000000000001,10.6,3.6870855699318943
673,16.5,7.4,16.4,13.3,20.6,14.839999999999998,15.619999999999997,13.200000000000001,3.76634627798803
674,7.0,1.0,9.2,22.3,13.9,10.68,9.94,21.3,7.131000731213779
675,23.4,17.8,21.4,20.7,8.2,18.3,19.5,15.2,4.694050185379055
676,2.7,21.8,20.2,13.0,14.7,14.48,14.59,19.1,5.926549074172206
677,19.9,2.3,31.4,19.8,27.6,20.2,20.049999999999997,29.099999999999998,9.02791059120864
678,30.2,26.1,31.9,25.3,,28.374999999999996,28.374999999999996,6.599999999999998,8.532314276019251
679,24.8,14.2,6.3,24.3,35.3,20.979999999999997,22.64,28.999999999999996,8.843974542833426
